sbsconfig,runnum,target,sbsmagcurr(A),bbmagcurr(A),ebeam_mean(GeV),ebeam_std(GeV),totcharge(C),tdc_timestamp,tdc_calibration_constant,adct_timestamp,hcal_energy_timestamp
4,11436,lh2,630,750,3.73929426529032,0.000158808434327,0.0109847,none,none,none,none
4,11500,lh2,630,750,3.73939135934783,0.000137485106405,0.00500944,none,none,none,none
4,11547,lh2,630,750,3.73915609475247,0.000171556775303,0.0061341,none,none,none,none
4,11548,lh2,630,750,3.73900990083333,7.35937091560823E-05,0.00550121,none,none,none,none
4,11573,lh2,0,750,3.73929966615763,0.000126757755023,0.0117094,none,none,none,none
4,11587,lh2,0,750,3.73916418583333,0.000174010973868,0.00792101,none,none,none,-------[ 2021-10-24 04:30:00 ]
4,11588,lh2,0,750,3.73916862066667,0.000162260388693,0.00259923,none,none,none,-------[ 2021-10-24 04:30:00 ]
4,11589,lh2,1050,750,3.73917440608696,0.000114018336793,0.00100384,none,none,none,-------[ 2021-10-24 04:30:00 ]
4,11590,lh2,1050,750,3.73928821414634,0.000192766854575,0.00735889,none,none,none,-------[ 2021-10-24 04:30:00 ]
4,11592,lh2,1050,750,3.73921241833333,0.000224043081051,0.00184626,none,none,none,-------[ 2021-10-24 04:30:00 ]
4,11616,lh2,630,750,3.73934034174825,0.00015493812997,0.00739176,none,none,none,-------[ 2021-10-24 04:30:00 ]
7,11989,lh2,1785,750,7.9311127523871,0.000333152429354,0.00130755,none,none,none,-------[ 2021-10-24 04:30:00 ]
7,11990,lh2,1785,750,7.93106168114865,0.000409525537344,0.00198962,none,none,none,-------[ 2021-10-24 04:30:00 ]
7,11991,lh2,1785,750,7.93119605727273,0.000436942889164,0.00229598,none,none,none,-------[ 2021-10-24 04:30:00 ]
7,11992,lh2,1785,750,7.93124708333333,0.000105963780995,0.00160917,none,none,none,-------[ 2021-10-24 04:30:00 ]
7,11993,lh2,1785,750,7.9308222403125,0.000750794173867,0.00113811,none,none,none,-------[ 2021-10-24 04:30:00 ]
7,11994,lh2,1785,750,7.93112053788571,0.000582337097884,0.0236623,none,none,none,-------[ 2021-10-24 04:30:00 ]
7,12000,lh2,1785,750,7.9306763837931,0.000891261168781,0.0223243,none,none,none,-------[ 2021-10-24 04:30:00 ]
7,12008,lh2,1785,750,7.93081038064039,0.000790329822787,0.0253461,none,none,none,-------[ 2021-10-24 04:30:00 ]
7,12022,lh2,1785,750,7.93088058075862,0.00061549340744,0.0321092,none,none,none,-------[ 2021-10-24 04:30:00 ]
7,12035,lh2,1785,750,7.93062771605911,0.000477727886784,0.0318323,none,none,none,-------[ 2021-10-24 04:30:00 ]
7,12049,lh2,1785,750,7.9305367725,0.000456208969701,0.034047,none,none,none,-------[ 2021-10-24 04:30:00 ]
7,12052,lh2,1785,750,7.93053102,0.000249060051902,0.00875864,none,none,none,-------[ 2021-10-24 04:30:00 ]
7,12053,lh2,1785,750,7.93045976409091,0.0002127279229,0.0335387,none,none,none,-------[ 2021-10-24 04:30:00 ]
7,12058,lh2,1785,750,7.9311318288,0.000356348148057,0.022529,none,none,none,-------[ 2021-10-24 04:30:00 ]
7,12064,lh2,1785,750,7.93104512216749,0.000475585546862,0.0348756,none,none,none,-------[ 2021-10-24 04:30:00 ]
7,12072,lh2,1785,750,7.93099398518072,0.000561608020948,0.0327866,none,none,none,-------[ 2021-10-24 04:30:00 ]
11,12313,lh2,2100,750,9.88872397979911,0.000267004612453,0.0460301,none,none,none,-------[ 2021-10-24 04:30:00 ]
11,12320,lh2,2100,750,9.88919657718638,0.000379366929698,0.0313638,none,none,none,-------[ 2021-10-24 04:30:00 ]
11,12335,lh2,2100,750,9.88882647345455,0.000287171053588,0.0240205,none,none,none,-------[ 2021-10-24 04:30:00 ]
11,12336,lh2,2100,750,9.88896972906736,0.000336978951437,0.0385814,none,none,none,-------[ 2021-10-24 04:30:00 ]
11,12340,lh2,2100,750,9.8890919402,0.000124300720241,0.0411478,none,none,none,-------[ 2021-10-24 04:30:00 ]
11,12345,lh2,2100,750,9.88929296168539,0.000240374159138,0.0624247,none,none,none,-------[ 2021-10-24 04:30:00 ]
11,12355,lh2,2100,750,9.88883116532974,0.000235029695472,0.0747418,none,none,none,-------[ 2021-10-24 04:30:00 ]
11,12358,lh2,2100,750,9.88924075708709,0.00025986155512,0.0625424,none,none,none,-------[ 2021-10-24 04:30:00 ]
11,12363,lh2,2100,750,9.88907438320895,0.000202379265873,0.0661583,none,none,none,-------[ 2021-10-24 04:30:00 ]
11,12367,lh2,2100,750,9.88929646187134,0.000556428485054,0.0159026,none,none,none,-------[ 2021-10-24 04:30:00 ]
11,12368,lh2,2100,750,9.88922462126316,0.000161196324098,0.00977882,none,none,none,-------[ 2021-10-24 04:30:00 ]
11,12369,lh2,2100,750,9.88915624794661,0.000140107826979,0.0529442,none,none,none,-------[ 2021-10-24 04:30:00 ]
11,12370,lh2,2100,750,9.88919722441247,0.000153573578019,0.0476794,none,none,none,-------[ 2021-10-24 04:30:00 ]
11,12380,lh2,2100,750,9.88908231727273,0.000165963845032,0.0665846,none,none,none,-------[ 2021-10-24 04:30:00 ]
11,12382,lh2,2100,750,9.88899043844037,0.000188021528113,0.0655388,none,none,none,-------[ 2021-10-24 04:30:00 ]
11,12400,lh2,2100,750,9.8888835114978,0.000255582874907,0.0388633,none,none,none,-------[ 2021-10-24 04:30:00 ]
11,12401,lh2,2100,750,9.88881679167002,0.000289701673943,0.0438347,none,none,none,-------[ 2021-10-24 04:30:00 ]
11,12414,lh2,2100,750,9.88904613368795,0.000176342248279,0.0272987,none,none,none,-------[ 2021-10-24 04:30:00 ]
11,12415,lh2,2100,750,9.88903831130137,0.000185753229597,0.0383723,none,none,none,-------[ 2021-10-24 04:30:00 ]
11,12427,lh2,2100,750,9.8887959120332,0.000269463655251,0.0225132,none,none,none,-------[ 2021-10-24 04:30:00 ]
11,12428,lh2,2100,750,9.88880053942584,0.00018295205684,0.0223449,none,none,none,-------[ 2021-10-24 04:30:00 ]
11,12429,lh2,2100,750,9.88878152150376,0.000230610151168,0.0133734,none,none,none,-------[ 2021-10-24 04:30:00 ]
11,12471,lh2,2100,750,9.88860919675799,0.000506849990715,0.0687635,none,none,none,-------[ 2021-10-24 04:30:00 ]
11,12472,lh2,2100,750,9.88883480079208,0.000375903056352,0.00658696,none,none,none,-------[ 2021-10-24 04:30:00 ]
11,12491,lh2,2100,750,9.88893922628571,0.000332975258328,0.00539796,none,none,none,-------[ 2021-10-24 04:30:00 ]
11,12496,lh2,2100,750,9.88865537234482,0.000234915664548,0.047507,none,none,none,-------[ 2021-10-24 04:30:00 ]
11,12497,lh2,2100,750,9.88859656064011,0.000268270552952,0.0744233,none,none,none,-------[ 2021-10-24 04:30:00 ]
11,12524,lh2,2100,750,9.88906176176344,0.000216550483103,0.0365397,none,none,none,-------[ 2021-10-24 04:30:00 ]
11,12525,lh2,2100,750,9.88902609673956,0.000205072441132,0.0566498,none,none,none,-------[ 2021-10-24 04:30:00 ]
11,12526,lh2,2100,750,9.8890388270195,0.000254083845685,0.0389738,none,none,none,-------[ 2021-10-24 04:30:00 ]
11,12548,lh2,2100,750,9.88908758014656,0.000161885392193,0.0628051,none,none,none,-------[ 2021-10-24 04:30:00 ]
11,12561,lh2,2100,750,9.88886486218418,0.000230301997036,0.0693543,none,none,none,-------[ 2021-10-24 04:30:00 ]
11,12563,lh2,2100,750,9.88879352183648,0.000198235416389,0.0688644,none,none,none,-------[ 2021-10-24 04:30:00 ]
11,12575,lh2,2100,750,9.88858422296928,0.000247230833272,0.075274,none,none,none,-------[ 2021-10-24 04:30:00 ]
11,12576,lh2,2100,750,9.88859895421053,0.000276939467007,0.0530236,none,none,none,-------[ 2021-10-24 04:30:00 ]
11,12587,lh2,2100,750,9.88861767653514,0.000349452977688,0.0644463,none,none,none,-------[ 2021-10-24 04:30:00 ]
11,12588,lh2,2100,750,9.88863217124533,0.000312027552446,0.0673718,none,none,none,-------[ 2021-10-24 04:30:00 ]
11,12625,lh2,2100,750,9.88846714138381,0.000268240792011,0.0349493,none,none,none,-------[ 2021-10-24 04:30:00 ]
11,12626,lh2,2100,750,9.88895107466851,0.000451205044357,0.0291036,none,none,none,-------[ 2021-10-24 04:30:00 ]
11,12657,lh2,2100,750,9.88888276069231,0.00020961196751,0.0418818,none,none,none,-------[ 2021-10-24 04:30:00 ]
11,12658,lh2,2100,750,9.88888927292887,0.000174605339982,0.0206506,none,none,none,-------[ 2021-10-24 04:30:00 ]
11,12675,lh2,2100,750,9.88860449086378,0.000335352059984,0.0290791,none,none,none,-------[ 2021-10-24 04:30:00 ]
11,12676,lh2,2100,750,9.88846093118557,0.000292042842301,0.033554,none,none,none,-------[ 2021-10-24 04:30:00 ]
11,12677,lh2,2100,750,9.88862097537538,0.000383529027084,0.0297664,none,none,none,-------[ 2021-10-24 04:30:00 ]
11,12691,lh2,2100,750,9.88893045335463,0.000227961620582,0.0314396,none,none,none,-------[ 2021-10-24 04:30:00 ]
11,12692,lh2,2100,750,9.88894245976667,0.000213144295087,0.0307525,none,none,none,-------[ 2021-10-24 04:30:00 ]
11,12704,lh2,2100,750,9.88912550128898,0.000158803228074,0.0534928,none,none,none,-------[ 2021-10-24 04:30:00 ]
11,12705,lh2,2100,750,9.88915739958525,0.000160002057097,0.0204928,none,none,none,-------[ 2021-10-24 04:30:00 ]
11,12716,lh2,2100,750,9.88911924596517,0.000135639303821,0.0712513,none,none,none,-------[ 2021-10-24 04:30:00 ]
11,12730,lh2,0,750,9.88901630985537,0.000185037264865,0.0511156,none,none,none,-------[ 2021-10-24 04:30:00 ]
11,12731,lh2,0,750,9.88898067654321,0.000157285981148,0.0718537,none,none,none,-------[ 2021-10-24 04:30:00 ]
11,12747,lh2,2100,750,9.889239452,5.21152459824166E-05,0.00115951,none,none,none,-------[ 2021-10-24 04:30:00 ]
11,12758,lh2,2100,750,9.88934955463415,0.000232593531032,0.0453372,none,none,none,-------[ 2021-10-24 04:30:00 ]
11,12765,lh2,2100,750,9.88941094596774,0.000204894257268,0.0262135,none,none,none,-------[ 2021-10-24 04:30:00 ]
11,12776,lh2,2100,750,9.8894230201501,0.000165912727651,0.0507478,none,none,none,-------[ 2021-10-24 04:30:00 ]
11,12777,lh2,2100,750,9.88944149511327,0.000225336602587,0.0277777,none,none,none,-------[ 2021-10-24 04:30:00 ]
11,12809,lh2,2100,750,9.88946675552356,0.000243415740264,0.0360143,none,none,none,-------[ 2021-10-24 04:30:00 ]
11,12810,lh2,2100,750,9.88932656956896,0.000195444314567,0.0123868,none,none,none,-------[ 2021-10-24 04:30:00 ]
11,12812,lh2,2100,750,9.88920606674074,0.000187190069392,0.0128231,none,none,none,-------[ 2021-10-24 04:30:00 ]
11,12822,lh2,2100,750,9.88962866646302,0.000265669028109,0.0349274,none,none,none,-------[ 2021-10-24 04:30:00 ]
11,12823,lh2,2100,750,9.88955189792793,0.00029304171904,0.0353483,none,none,none,-------[ 2021-10-24 04:30:00 ]
11,12895,lh2,2100,750,9.88858444998478,0.000360299710072,0.0661107,none,none,none,-------[ 2021-10-24 04:30:00 ]
11,12910,lh2,2100,750,9.889264046543,0.0002274340306,0.05959,none,none,none,-------[ 2021-10-24 04:30:00 ]
11,12923,lh2,2100,750,9.88929359628499,0.000368624978668,0.0310937,none,none,none,-------[ 2021-10-24 04:30:00 ]
11,12930,lh2,2100,750,9.88945318232877,0.000262815544823,0.0318675,none,none,none,-------[ 2021-10-24 04:30:00 ]
11,12931,lh2,2100,750,9.88940635451155,0.000257259249253,0.0573409,none,none,none,-------[ 2021-10-24 04:30:00 ]
11,12959,lh2,2100,750,9.88903314661742,0.000205597416118,0.122723,none,none,none,-------[ 2021-10-24 04:30:00 ]
11,12960,lh2,2100,750,9.88893227315789,0.00023874574058,0.00204899,none,none,none,-------[ 2021-10-24 04:30:00 ]
11,12973,lh2,2100,750,9.88888791697403,0.000416936289427,0.0698776,none,none,none,-------[ 2021-10-24 04:30:00 ]
11,12974,lh2,2100,750,9.88915811819407,0.000188697189593,0.0785704,none,none,none,-------[ 2021-10-24 04:30:00 ]
11,13027,lh2,2100,750,9.88848097833333,0.000371840123424,0.0696591,none,none,none,-------[ 2021-10-24 04:30:00 ]
11,13028,lh2,2100,750,9.8885835541116,0.000309636019751,0.0682289,none,none,none,-------[ 2021-10-24 04:30:00 ]
11,13041,lh2,2100,750,9.88892974844394,0.000539329923142,0.0394405,none,none,none,-------[ 2021-10-24 04:30:00 ]
11,13042,lh2,2100,750,9.88890447279346,0.000619978604386,0.0708942,none,none,none,-------[ 2021-10-24 04:30:00 ]
11,13043,lh2,2100,750,9.88891402846939,0.00033713795435,0.0303618,none,none,none,-------[ 2021-10-24 04:30:00 ]
11,13056,lh2,2100,750,9.88890971068915,0.000218335720019,0.0665765,none,none,none,-------[ 2021-10-24 04:30:00 ]
11,13057,lh2,2100,750,9.88885603974359,0.000189682841714,0.067772,none,none,none,-------[ 2021-10-24 04:30:00 ]
14,13239,lh2,1470,750,5.98312127311927,0.000106098662693,0.00855728,none,none,none,-------[ 2021-10-24 04:30:00 ]
14,13240,lh2,1470,750,5.98297313493827,0.000128592707142,0.00344171,none,none,none,-------[ 2021-10-24 04:30:00 ]
14,13241,lh2,1470,750,5.9830579875,0.000204118325547,0.0151985,none,none,none,-------[ 2021-10-24 04:30:00 ]
14,13242,lh2,1470,750,5.98305677419355,0.000447814449783,0.00632764,none,none,none,-------[ 2021-10-24 04:30:00 ]
14,13243,lh2,1470,750,5.98332115268293,0.000179421021927,0.00704412,none,none,none,-------[ 2021-10-24 04:30:00 ]
14,13244,lh2,1470,750,5.9832332168559,0.00014177112174,0.0130988,none,none,none,-------[ 2021-10-24 04:30:00 ]
14,13312,lh2,1470,750,5.9829065283304,0.000312343536463,0.0410001,none,none,none,-------[ 2021-10-24 04:30:00 ]
14,13313,lh2,1470,750,5.9828037143038,0.000202879916264,0.0416487,none,none,none,-------[ 2021-10-24 04:30:00 ]
14,13320,lh2,1470,750,5.98324514755784,0.000267307997505,0.0135617,none,none,none,-------[ 2021-10-24 04:30:00 ]
14,13321,lh2,1470,750,5.98269072675483,0.000399786486928,0.0719708,none,none,none,-------[ 2021-10-24 04:30:00 ]
14,13345,lh2,1470,750,5.98278947428571,0.000415800117174,0.023673,none,none,none,-------[ 2021-10-24 04:30:00 ]
14,13346,lh2,1470,750,5.9831798320398,0.000404708391108,0.0108656,none,none,none,-------[ 2021-10-24 04:30:00 ]
14,13348,lh2,1470,750,5.98252097961631,0.000389370516203,0.0325123,none,none,none,-------[ 2021-10-24 04:30:00 ]
14,13349,lh2,1470,750,5.98257948815739,0.000430759303221,0.0383572,none,none,none,-------[ 2021-10-24 04:30:00 ]
14,13351,lh2,1470,750,5.9828922696897,0.00050465525634,0.0435162,none,none,none,-------[ 2021-10-24 04:30:00 ]
14,13352,lh2,1470,750,5.98258476313008,0.000361499279631,0.0232246,none,none,none,-------[ 2021-10-24 04:30:00 ]
14,13375,lh2,0,750,5.98257884465784,0.00038753296348,0.0611402,none,none,none,-------[ 2021-10-24 04:30:00 ]
14,13376,lh2,0,750,5.98269185801572,0.000424497882585,0.0452497,none,none,none,-------[ 2021-10-24 04:30:00 ]
14,13377,lh2,0,750,5.98245843105263,5.79437787759336E-05,0.00239158,none,none,none,-------[ 2021-10-24 04:30:00 ]
14,13378,lh2,0,750,5.9826923707131,0.000306903461118,0.0595676,none,none,none,-------[ 2021-10-24 04:30:00 ]
14,13379,lh2,1470,750,5.98275022735849,0.00030904193903,0.0923246,none,none,none,-------[ 2021-10-24 04:30:00 ]
14,13396,lh2,1470,750,5.98260530593103,0.000366921320034,0.0144361,none,none,none,-------[ 2021-10-24 04:30:00 ]
14,13397,lh2,1470,750,5.98255843462518,0.000342412045677,0.0730503,none,none,none,-------[ 2021-10-24 04:30:00 ]
14,13405,lh2,1470,750,5.98252593547406,0.000354247490683,0.0566481,none,none,none,-------[ 2021-10-24 04:30:00 ]
8,13450,lh2,1470,750,5.98257431354545,0.000229683440152,0.00319127,none,none,none,-------[ 2021-10-24 04:30:00 ]
8,13451,lh2,1470,750,5.98272884264151,0.000330630393009,0.00172723,none,none,none,-------[ 2021-10-24 04:30:00 ]
8,13452,lh2,1470,750,5.9825528445283,0.000471411052378,0.0095898,none,none,none,-------[ 2021-10-24 04:30:00 ]
8,13459,lh2,0,750,5.98262966763838,0.000361877961448,0.0292071,none,none,none,-------[ 2021-10-24 04:30:00 ]
8,13460,lh2,0,750,5.98266364868132,0.000357079483078,0.0287277,none,none,none,-------[ 2021-10-24 04:30:00 ]
8,13461,lh2,0,750,5.9826054339,0.000229709802501,0.0291978,none,none,none,-------[ 2021-10-24 04:30:00 ]
8,13463,lh2,0,750,5.98266972727273,0.000348601342062,0.030612,none,none,none,-------[ 2021-10-24 04:30:00 ]
8,13464,lh2,0,750,5.98267401293478,0.000331135156611,0.0300583,none,none,none,-------[ 2021-10-24 04:30:00 ]
8,13465,lh2,0,750,5.98278866821306,0.000366736791843,0.0281927,none,none,none,-------[ 2021-10-24 04:30:00 ]
8,13466,lh2,0,750,5.98268954050388,0.00030161937716,0.0285182,none,none,none,-------[ 2021-10-24 04:30:00 ]
8,13482,lh2,1470,750,5.98294387045267,0.000536165778343,0.00752672,none,none,none,-------[ 2021-10-24 04:30:00 ]
8,13483,lh2,1470,750,5.98257941482063,0.000312656346229,0.0252414,none,none,none,-------[ 2021-10-24 04:30:00 ]
8,13484,lh2,1470,750,5.98267960163935,0.00042166412632,0.0216758,none,none,none,-------[ 2021-10-24 04:30:00 ]
8,13485,lh2,1470,750,5.98301584926829,0.00050684150509,0.0101412,none,none,none,-------[ 2021-10-24 04:30:00 ]
8,13486,lh2,1470,750,5.9826591547957,0.00046951640999,0.0225405,none,none,none,-------[ 2021-10-24 04:30:00 ]
8,13487,lh2,1470,750,5.98252207039823,0.000306064578136,0.0275672,none,none,none,-------[ 2021-10-24 04:30:00 ]
8,13488,lh2,1470,750,5.9824763757907,0.000291847214489,0.0252415,none,none,none,-------[ 2021-10-24 04:30:00 ]
8,13489,lh2,1470,750,5.9827038658125,0.000495126885628,0.0217904,none,none,none,-------[ 2021-10-24 04:30:00 ]
8,13490,lh2,1470,750,5.9827582479288,0.000514272848443,0.0257141,none,none,none,-------[ 2021-10-24 04:30:00 ]
8,13537,lh2,2100,750,5.98355740917591,0.000528965001675,0.0318802,none,none,none,-------[ 2021-10-24 04:30:00 ]
8,13538,lh2,2100,750,5.98299543763293,0.001078177898147,0.0297049,none,none,none,-------[ 2021-10-24 04:30:00 ]
8,13539,lh2,2100,750,5.98274535429245,0.00053427083015,0.0321627,none,none,none,-------[ 2021-10-24 04:30:00 ]
8,13540,lh2,2100,750,5.98241697804469,0.000284736826773,0.0315247,none,none,none,-------[ 2021-10-24 04:30:00 ]
8,13541,lh2,2100,750,5.9823952395203,0.000304693939011,0.0315946,none,none,none,-------[ 2021-10-24 04:30:00 ]
8,13542,lh2,2100,750,5.98237016934783,0.000282915081465,0.0320255,none,none,none,-------[ 2021-10-24 04:30:00 ]
8,13543,lh2,2100,750,5.98242822928339,0.000395984058281,0.0164379,none,none,none,-------[ 2021-10-24 04:30:00 ]
8,13573,lh2,1470,750,5.98248413969551,0.000381595630486,0.0337481,none,none,none,-------[ 2021-10-24 04:30:00 ]
8,13574,lh2,1470,750,5.98253168761755,0.000283149727204,0.0359635,none,none,none,-------[ 2021-10-24 04:30:00 ]
8,13575,lh2,1470,750,5.98259792029086,0.000388786280177,0.0368658,none,none,none,-------[ 2021-10-24 04:30:00 ]
8,13576,lh2,1470,750,5.98266807301834,0.000381191108993,0.0355275,none,none,none,-------[ 2021-10-24 04:30:00 ]
8,13577,lh2,1470,750,5.9825784726129,0.000239874210951,0.036044,none,none,none,-------[ 2021-10-24 04:30:00 ]
8,13578,lh2,1470,750,5.98256713682229,0.000318867964182,0.0362032,none,none,none,-------[ 2021-10-24 04:30:00 ]
8,13580,lh2,1050,750,5.98244826665988,0.000125082745891,0.0304745,none,none,none,-------[ 2021-10-24 04:30:00 ]
9,13656,lh2,1470,750,4.0268566366,9.18814342994951E-05,0.0119316,none,none,none,-------[ 2021-10-24 04:30:00 ]
9,13657,lh2,1470,750,4.02677622265781,0.00013895156937,0.00484809,none,none,none,-------[ 2021-10-24 04:30:00 ]
9,13663,lh2,1470,750,4.02682121323887,0.000139600905649,0.0294374,none,none,none,-------[ 2021-10-24 04:30:00 ]
9,13676,lh2,1470,750,4.02678063106635,6.45091382505273E-05,0.0299769,none,none,none,-------[ 2021-10-24 04:30:00 ]
9,13683,lh2,1470,750,4.02677407255269,5.42986945629408E-05,0.0465479,none,none,none,-------[ 2021-10-24 04:30:00 ]
9,13696,lh2,1470,750,4.02670667489324,8.97034798926295E-05,0.0527743,none,none,none,-------[ 2021-10-24 04:30:00 ]
9,13697,lh2,1470,750,4.02675986142857,5.02328440936704E-05,0.0397992,none,none,none,-------[ 2021-10-24 04:30:00 ]
9,13719,lh2,1470,750,4.02685131462121,0.000233727188755,0.0551724,none,none,none,-------[ 2021-10-24 04:30:00 ]
9,13720,lh2,1470,750,4.02689797843636,0.000127787352715,0.0309702,none,none,none,-------[ 2021-10-24 04:30:00 ]
9,13730,lh2,1470,750,4.02703948526377,0.000161281872762,0.0873423,none,none,none,-------[ 2021-10-24 04:30:00 ]
9,13747,lh2,1470,750,4.02668925173684,0.000567179593066,0.0897387,none,none,none,-------[ 2021-10-24 04:30:00 ]
9,13768,lh2,1470,750,4.0266568667647,0.000668570649614,0.0514135,none,none,none,-------[ 2021-10-24 04:30:00 ]
9,13769,lh2,1470,750,4.02670509654717,0.000623773031514,0.0491025,none,none,none,-------[ 2021-10-24 04:30:00 ]
9,13795,lh2,1470,750,4.02692150714286,0.000333935400656,0.0476982,none,none,none,-------[ 2021-10-24 04:30:00 ]
9,13796,lh2,1470,750,4.02696186526582,0.00023218770063,0.0490025,none,none,none,-------[ 2021-10-24 04:30:00 ]
4,11449,ld2,630,750,3.73954800541667,0.000227884379623,0,none,none,none,none
4,11451,ld2,630,750,3.73934434445946,0.000214506828152,0,none,none,none,none
4,11452,ld2,630,750,3.73943602365079,0.000128201977711,0,none,none,none,none
4,11456,ld2,630,750,3.73941375583333,0.00017533923785,0,none,none,none,none
4,11493,ld2,630,750,3.73920992940741,0.000346081936229,0,none,none,none,none
4,11494,ld2,630,750,3.73907501811828,0.00010248189147,0,none,none,none,none
4,11495,ld2,630,750,3.73915884454545,0.000107082857082,0,none,none,none,none
4,11496,ld2,630,750,3.73908159493827,8.79200678784433E-05,0,none,none,none,none
4,11551,ld2,630,750,3.73920846712121,0.000187314967793,0,none,none,none,none
4,11554,ld2,630,750,3.73917625754386,0.000199008747621,0,none,none,none,none
4,11562,ld2,630,750,3.739323417,0.000134481104653,0,none,none,none,none
4,11563,ld2,630,750,3.739350498,4.41015955870392E-05,0,none,none,none,none
4,11564,ld2,630,750,3.73934059741935,3.55591595696064E-05,0,none,none,none,none
4,11565,ld2,630,750,3.73930925559524,0.000122787572341,0,none,none,none,none
4,11568,ld2,630,750,3.73933698632184,4.90943319115583E-05,0,none,none,none,none
4,11570,ld2,630,750,3.73929887188679,0.00012684871154,0,none,none,none,none
4,11571,ld2,630,750,3.73931567957143,8.99208011181723E-05,0,none,none,none,none
4,11579,ld2,0,750,3.73932257368159,9.73018283198522E-05,0,none,none,none,none
4,11580,ld2,0,750,3.73932753275862,9.87073110890776E-05,0,none,none,none,none
4,11581,ld2,0,750,3.73932809295775,9.65558563792464E-05,0,none,none,none,none
4,11582,ld2,0,750,3.73930379011364,0.00010256132494,0,none,none,none,-------[ 2021-10-24 04:30:00 ]
4,11583,ld2,0,750,3.73919048679348,0.000174633720597,0,none,none,none,-------[ 2021-10-24 04:30:00 ]
4,11586,ld2,0,750,3.73927801747253,0.000129902279916,0,none,none,none,-------[ 2021-10-24 04:30:00 ]
4,11593,ld2,1050,750,3.73933011751479,0.000205442325662,0,none,none,none,-------[ 2021-10-24 04:30:00 ]
4,11594,ld2,1050,750,3.73933353818182,0.000189008376882,0,none,none,none,-------[ 2021-10-24 04:30:00 ]
4,11595,ld2,1050,750,3.73943421267857,7.25399728422439E-05,0,none,none,none,-------[ 2021-10-24 04:30:00 ]
7,11996,ld2,1785,750,7.9308120075,0.000558672076464,0,none,none,none,-------[ 2021-10-24 04:30:00 ]
7,11997,ld2,1785,750,7.93105435662921,0.000255134095032,0,none,none,none,-------[ 2021-10-24 04:30:00 ]
7,11998,ld2,1785,750,7.93086875537313,0.000816891468114,0,none,none,none,-------[ 2021-10-24 04:30:00 ]
7,11999,ld2,1785,750,7.93097481334975,0.000795408454678,0,none,none,none,-------[ 2021-10-24 04:30:00 ]
7,12001,ld2,1785,750,7.9306633275,0.00086063106578,0,none,none,none,-------[ 2021-10-24 04:30:00 ]
7,12002,ld2,1785,750,7.93108227763547,0.00098627024074,0,none,none,none,-------[ 2021-10-24 04:30:00 ]
7,12004,ld2,1785,750,7.93091771583333,0.000533720291018,0,none,none,none,-------[ 2021-10-24 04:30:00 ]
7,12006,ld2,1785,750,7.9310043475,0.001015261031957,0,none,none,none,-------[ 2021-10-24 04:30:00 ]
7,12013,ld2,1785,750,7.93113655666667,0.000395630036943,0,none,none,none,-------[ 2021-10-24 04:30:00 ]
7,12014,ld2,1785,750,7.93099283456989,0.00061438529544,0,none,none,none,-------[ 2021-10-24 04:30:00 ]
7,12017,ld2,1785,750,7.93117956369458,0.00048769449903,0,none,none,none,-------[ 2021-10-24 04:30:00 ]
7,12019,ld2,1785,750,7.93113045128079,0.000511180171881,0,none,none,none,-------[ 2021-10-24 04:30:00 ]
7,12021,ld2,1785,750,7.93073532857143,0.000570876483512,0,none,none,none,-------[ 2021-10-24 04:30:00 ]
7,12029,ld2,1785,750,7.93083661674877,0.000759103596561,0,none,none,none,-------[ 2021-10-24 04:30:00 ]
7,12030,ld2,1785,750,7.93079200054187,0.000647367586828,0,none,none,none,-------[ 2021-10-24 04:30:00 ]
7,12038,ld2,1785,750,7.9307214446798,0.000397127985607,0,none,none,none,-------[ 2021-10-24 04:30:00 ]
7,12039,ld2,1785,750,7.93070042564103,0.000121016947568,0,none,none,none,-------[ 2021-10-24 04:30:00 ]
7,12040,ld2,1785,750,7.93074978173913,0.00031467682729,0,none,none,none,-------[ 2021-10-24 04:30:00 ]
7,12041,ld2,1785,750,7.93069867833333,0.00041440080783,0,none,none,none,-------[ 2021-10-24 04:30:00 ]
7,12042,ld2,1785,750,7.93068260931034,0.00035399624928,0,none,none,none,-------[ 2021-10-24 04:30:00 ]
7,12043,ld2,1785,750,7.93081512769231,0.000219950810556,0,none,none,none,-------[ 2021-10-24 04:30:00 ]
7,12044,ld2,1785,750,7.93061733943299,0.000347979479284,0,none,none,none,-------[ 2021-10-24 04:30:00 ]
7,12045,ld2,1785,750,7.93059233931034,0.000403094131724,0,none,none,none,-------[ 2021-10-24 04:30:00 ]
7,12046,ld2,1785,750,7.93038106699507,0.000437631138203,0,none,none,none,-------[ 2021-10-24 04:30:00 ]
7,12047,ld2,1785,750,7.93088014596059,0.000380600884409,0,none,none,none,-------[ 2021-10-24 04:30:00 ]
7,12048,ld2,1785,750,7.93078204195312,0.000412895777202,0,none,none,none,-------[ 2021-10-24 04:30:00 ]
7,12050,ld2,1785,750,7.93053588673575,0.000414909726556,0,none,none,none,-------[ 2021-10-24 04:30:00 ]
7,12051,ld2,1785,750,7.93066818192118,0.000252566334833,0,none,none,none,-------[ 2021-10-24 04:30:00 ]
7,12055,ld2,1785,750,7.93026055416667,0.000238192260115,0,none,none,none,-------[ 2021-10-24 04:30:00 ]
7,12056,ld2,1785,750,7.93081102295566,0.000511294762198,0,none,none,none,-------[ 2021-10-24 04:30:00 ]
7,12057,ld2,1785,750,7.93081383926108,0.000523380955731,0,none,none,none,-------[ 2021-10-24 04:30:00 ]
7,12059,ld2,1785,750,7.93085909778325,0.000444947913678,0,none,none,none,-------[ 2021-10-24 04:30:00 ]
7,12060,ld2,1785,750,7.93065079,0.000572644050578,0,none,none,none,-------[ 2021-10-24 04:30:00 ]
7,12062,ld2,1785,750,7.93107982325,0.000362868255807,0,none,none,none,-------[ 2021-10-24 04:30:00 ]
7,12063,ld2,1785,750,7.93097782729064,0.000499297736983,0,none,none,none,-------[ 2021-10-24 04:30:00 ]
7,12065,ld2,1785,750,7.9309362025,0.000557781967742,0,none,none,none,-------[ 2021-10-24 04:30:00 ]
7,12066,ld2,1785,750,7.93073280871921,0.000631251912862,0,none,none,none,-------[ 2021-10-24 04:30:00 ]
7,12068,ld2,1785,750,7.93126719368,0.000210373717019,0,none,none,none,-------[ 2021-10-24 04:30:00 ]
7,12069,ld2,1785,750,7.93114409029197,0.000601727743989,0,none,none,none,-------[ 2021-10-24 04:30:00 ]
7,12070,ld2,1785,750,7.93107408861788,0.000488966963687,0,none,none,none,-------[ 2021-10-24 04:30:00 ]
7,12071,ld2,1785,750,7.93103202881773,0.000519852745676,0,none,none,none,-------[ 2021-10-24 04:30:00 ]
7,12073,ld2,1785,750,7.93103662384236,0.000524156781619,0,none,none,none,-------[ 2021-10-24 04:30:00 ]
11,12314,ld2,2100,750,9.88870426393899,0.000316207804718,0,none,none,none,-------[ 2021-10-24 04:30:00 ]
11,12315,ld2,2100,750,9.8887075486253,0.000393332318274,0,none,none,none,-------[ 2021-10-24 04:30:00 ]
11,12316,ld2,2100,750,9.88889035103448,0.000316330123938,0,none,none,none,-------[ 2021-10-24 04:30:00 ]
11,12318,ld2,2100,750,9.88921937818701,0.000107851678479,0,none,none,none,-------[ 2021-10-24 04:30:00 ]
11,12319,ld2,2100,750,9.8892787175,0.000441628676745,0,none,none,none,-------[ 2021-10-24 04:30:00 ]
11,12321,ld2,2100,750,9.88907030344086,0.00034904746561,0,none,none,none,-------[ 2021-10-24 04:30:00 ]
11,12322,ld2,2100,750,9.88913640719212,0.00034701641273,0,none,none,none,-------[ 2021-10-24 04:30:00 ]
11,12323,ld2,2100,750,9.88933263361446,0.000336876618626,0,none,none,none,-------[ 2021-10-24 04:30:00 ]
11,12333,ld2,2100,750,9.88888578651713,0.000225313237964,0,none,none,none,-------[ 2021-10-24 04:30:00 ]
11,12337,ld2,2100,750,9.88897143140434,0.000307071834266,0,none,none,none,-------[ 2021-10-24 04:30:00 ]
11,12338,ld2,2100,750,9.88910308635897,0.000181842108233,0,none,none,none,-------[ 2021-10-24 04:30:00 ]
11,12339,ld2,2100,750,9.88912923165488,0.000279156681278,0,none,none,none,-------[ 2021-10-24 04:30:00 ]
11,12341,ld2,2100,750,9.88915192383803,0.000544436148524,0,none,none,none,-------[ 2021-10-24 04:30:00 ]
11,12342,ld2,2100,750,9.88912574555985,0.000177412384392,0,none,none,none,-------[ 2021-10-24 04:30:00 ]
11,12343,ld2,2100,750,9.88922108580713,0.000273955088733,0,none,none,none,-------[ 2021-10-24 04:30:00 ]
11,12344,ld2,2100,750,9.88926033896721,0.000189868215277,0,none,none,none,-------[ 2021-10-24 04:30:00 ]
11,12346,ld2,2100,750,9.88934279608916,0.000213077673549,0,none,none,none,-------[ 2021-10-24 04:30:00 ]
11,12347,ld2,2100,750,9.88926974583461,0.000150387958746,0,none,none,none,-------[ 2021-10-24 04:30:00 ]
11,12348,ld2,2100,750,9.88921918638568,0.000239391171473,0,none,none,none,-------[ 2021-10-24 04:30:00 ]
11,12349,ld2,2100,750,9.88921424763975,0.000153609830896,0,none,none,none,-------[ 2021-10-24 04:30:00 ]
11,12356,ld2,2100,750,9.88893796358036,0.000291424249706,0,none,none,none,-------[ 2021-10-24 04:30:00 ]
11,12357,ld2,2100,750,9.88921709132597,0.000192645326028,0,none,none,none,-------[ 2021-10-24 04:30:00 ]
11,12359,ld2,2100,750,9.88923661828488,0.000211861626214,0,none,none,none,-------[ 2021-10-24 04:30:00 ]
11,12360,ld2,2100,750,9.88919370802643,0.000273921793911,0,none,none,none,-------[ 2021-10-24 04:30:00 ]
11,12362,ld2,2100,750,9.88913182405063,0.000242764252379,0,none,none,none,-------[ 2021-10-24 04:30:00 ]
11,12364,ld2,2100,750,9.88906712605711,0.00018505152199,0,none,none,none,-------[ 2021-10-24 04:30:00 ]
11,12366,ld2,2100,750,9.88914811342007,0.000265337061487,0,none,none,none,-------[ 2021-10-24 04:30:00 ]
11,12371,ld2,2100,750,9.88921774861314,4.57222562163376E-05,0,none,none,none,-------[ 2021-10-24 04:30:00 ]
11,12372,ld2,2100,750,9.88907788591837,0.000221377404016,0,none,none,none,-------[ 2021-10-24 04:30:00 ]
11,12373,ld2,2100,750,9.88908654471601,0.000188303060389,0,none,none,none,-------[ 2021-10-24 04:30:00 ]
11,12374,ld2,2100,750,9.88909402666667,0.000142665903188,0,none,none,none,-------[ 2021-10-24 04:30:00 ]
11,12375,ld2,2100,750,9.88909565189349,0.000140622590891,0,none,none,none,-------[ 2021-10-24 04:30:00 ]
11,12376,ld2,2100,750,9.88914049629779,0.000168028274576,0,none,none,none,-------[ 2021-10-24 04:30:00 ]
11,12377,ld2,2100,750,9.88919351319471,0.00014030982697,0,none,none,none,-------[ 2021-10-24 04:30:00 ]
11,12378,ld2,2100,750,9.88923340777778,0.000134014697413,0,none,none,none,-------[ 2021-10-24 04:30:00 ]
11,12379,ld2,2100,750,9.88917769933539,0.000159830076302,0,none,none,none,-------[ 2021-10-24 04:30:00 ]
11,12383,ld2,2100,750,9.88895632366987,0.000200134399659,0,none,none,none,-------[ 2021-10-24 04:30:00 ]
11,12384,ld2,2100,750,9.88883204321495,0.000199197177512,0,none,none,none,-------[ 2021-10-24 04:30:00 ]
11,12385,ld2,2100,750,9.88885407875,0.000177992484582,0,none,none,none,-------[ 2021-10-24 04:30:00 ]
11,12387,ld2,2100,750,9.88912559533752,0.000212772488334,0,none,none,none,-------[ 2021-10-24 04:30:00 ]
11,12388,ld2,2100,750,9.88917136224652,0.000197559161963,0,none,none,none,-------[ 2021-10-24 04:30:00 ]
11,12394,ld2,2100,750,9.88915165660138,0.000213415346743,0,none,none,none,-------[ 2021-10-24 04:30:00 ]
11,12395,ld2,2100,750,9.88904470295676,0.000204509829087,0,none,none,none,-------[ 2021-10-24 04:30:00 ]
11,12396,ld2,2100,750,9.88907959652733,0.000138823805422,0,none,none,none,-------[ 2021-10-24 04:30:00 ]
11,12403,ld2,2100,750,9.88868056655532,0.000281650879471,0,none,none,none,-------[ 2021-10-24 04:30:00 ]
11,12404,ld2,2100,750,9.88875899772234,0.000253312118309,0,none,none,none,-------[ 2021-10-24 04:30:00 ]
11,12405,ld2,2100,750,9.88880137552783,0.000238402062557,0,none,none,none,-------[ 2021-10-24 04:30:00 ]
11,12406,ld2,2100,750,9.88885968961019,0.000291830264041,0,none,none,none,-------[ 2021-10-24 04:30:00 ]
11,12407,ld2,2100,750,9.88864387734824,0.000263885647122,0,none,none,none,-------[ 2021-10-24 04:30:00 ]
11,12408,ld2,2100,750,9.88864395370597,0.000281085800236,0,none,none,none,-------[ 2021-10-24 04:30:00 ]
11,12409,ld2,2100,750,9.88867221231884,0.000305150050893,0,none,none,none,-------[ 2021-10-24 04:30:00 ]
11,12410,ld2,2100,750,9.88910380967071,0.000121985811836,0,none,none,none,-------[ 2021-10-24 04:30:00 ]
11,12411,ld2,2100,750,9.88922862904,6.06472730299625E-05,0,none,none,none,-------[ 2021-10-24 04:30:00 ]
11,12412,ld2,2100,750,9.88910166119777,0.000168787897202,0,none,none,none,-------[ 2021-10-24 04:30:00 ]
11,12416,ld2,2100,750,9.88903838,9.26305480345152E-05,0,none,none,none,-------[ 2021-10-24 04:30:00 ]
11,12423,ld2,2100,750,9.88890990481818,0.000260423826247,0,none,none,none,-------[ 2021-10-24 04:30:00 ]
11,12424,ld2,2100,750,9.88875774539249,0.000210875109148,0,none,none,none,-------[ 2021-10-24 04:30:00 ]
11,12425,ld2,2100,750,9.88877501218861,0.000227391722913,0,none,none,none,-------[ 2021-10-24 04:30:00 ]
11,12473,ld2,2100,750,9.88895308826007,0.000337364189158,0,none,none,none,-------[ 2021-10-24 04:30:00 ]
11,12474,ld2,2100,750,9.88892775230594,0.000207289164285,0,none,none,none,-------[ 2021-10-24 04:30:00 ]
11,12478,ld2,2100,750,9.88896869610829,0.000216697960838,0,none,none,none,-------[ 2021-10-24 04:30:00 ]
11,12479,ld2,2100,750,9.88884481675393,0.00022979702607,0,none,none,none,-------[ 2021-10-24 04:30:00 ]
11,12480,ld2,2100,750,9.88873020571717,0.000198284525322,0,none,none,none,-------[ 2021-10-24 04:30:00 ]
11,12481,ld2,2100,750,9.88897280480144,0.000259825607632,0,none,none,none,-------[ 2021-10-24 04:30:00 ]
11,12482,ld2,2100,750,9.88912578428571,0.000160199153062,0,none,none,none,-------[ 2021-10-24 04:30:00 ]
11,12485,ld2,2100,750,9.88893489116451,0.000370227262961,0,none,none,none,-------[ 2021-10-24 04:30:00 ]
11,12486,ld2,2100,750,9.88894071050943,0.000391823716742,0,none,none,none,-------[ 2021-10-24 04:30:00 ]
11,12498,ld2,2100,750,9.88914927460265,0.000293131171036,0,none,none,none,-------[ 2021-10-24 04:30:00 ]
11,12499,ld2,2100,750,9.88905433160183,0.000145243443662,0,none,none,none,-------[ 2021-10-24 04:30:00 ]
11,12500,ld2,2100,750,9.88899422925234,0.00011899489533,0,none,none,none,-------[ 2021-10-24 04:30:00 ]
11,12501,ld2,2100,750,9.88905844,0.00028488554908,0,none,none,none,-------[ 2021-10-24 04:30:00 ]
11,12502,ld2,2100,750,9.88897805304029,0.000144309058399,0,none,none,none,-------[ 2021-10-24 04:30:00 ]
11,12512,ld2,2100,750,9.88903268627819,0.000156833487185,0,none,none,none,-------[ 2021-10-24 04:30:00 ]
11,12513,ld2,2100,750,9.88903513609665,0.000155307951453,0,none,none,none,-------[ 2021-10-24 04:30:00 ]
11,12514,ld2,2100,750,9.88903797212569,0.000160969785386,0,none,none,none,-------[ 2021-10-24 04:30:00 ]
11,12515,ld2,2100,750,9.88903728082192,0.000187273893126,0,none,none,none,-------[ 2021-10-24 04:30:00 ]
11,12516,ld2,2100,750,9.88911384111111,0.000162045732855,0,none,none,none,-------[ 2021-10-24 04:30:00 ]
11,12517,ld2,2100,750,9.8889782,0,0,none,none,none,-------[ 2021-10-24 04:30:00 ]
11,12521,ld2,2100,750,9.88906441432348,0.000214220547809,0,none,none,none,-------[ 2021-10-24 04:30:00 ]
11,12523,ld2,2100,750,9.88896843256544,0.000316706471111,0,none,none,none,-------[ 2021-10-24 04:30:00 ]
11,12527,ld2,2100,750,9.88911408890351,0.000174712651209,0,none,none,none,-------[ 2021-10-24 04:30:00 ]
11,12532,ld2,2100,750,9.88906293542793,0.000194306569174,0,none,none,none,-------[ 2021-10-24 04:30:00 ]
11,12534,ld2,2100,750,9.88899736989177,0.00017574250503,0,none,none,none,-------[ 2021-10-24 04:30:00 ]
11,12535,ld2,2100,750,9.88909388385135,0.000170874194594,0,none,none,none,-------[ 2021-10-24 04:30:00 ]
11,12536,ld2,2100,750,9.88909469239074,0.000178199837585,0,none,none,none,-------[ 2021-10-24 04:30:00 ]
11,12537,ld2,2100,750,9.88908437009216,0.000158994499989,0,none,none,none,-------[ 2021-10-24 04:30:00 ]
11,12538,ld2,2100,750,9.88915446980198,0.000142039437199,0,none,none,none,-------[ 2021-10-24 04:30:00 ]
11,12539,ld2,2100,750,9.88902093944196,0.00014375141764,0,none,none,none,-------[ 2021-10-24 04:30:00 ]
11,12541,ld2,2100,750,9.88900956397177,0.000234769877769,0,none,none,none,-------[ 2021-10-24 04:30:00 ]
11,12542,ld2,2100,750,9.88912778658536,0.000177326114415,0,none,none,none,-------[ 2021-10-24 04:30:00 ]
11,12543,ld2,2100,750,9.88912709668141,0.000157833421977,0,none,none,none,-------[ 2021-10-24 04:30:00 ]
11,12544,ld2,2100,750,9.88918615742946,8.71865228523776E-05,0,none,none,none,-------[ 2021-10-24 04:30:00 ]
11,12547,ld2,2100,750,9.88912166779005,0.000140146686082,0,none,none,none,-------[ 2021-10-24 04:30:00 ]
11,12549,ld2,2100,750,9.88896602920948,0.00021429049448,0,none,none,none,-------[ 2021-10-24 04:30:00 ]
11,12550,ld2,2100,750,9.88893849943637,0.000239103054629,0,none,none,none,-------[ 2021-10-24 04:30:00 ]
11,12551,ld2,2100,750,9.8888536889703,0.000238238056683,0,none,none,none,-------[ 2021-10-24 04:30:00 ]
11,12552,ld2,2100,750,9.88882090279749,0.000191700717036,0,none,none,none,-------[ 2021-10-24 04:30:00 ]
11,12553,ld2,2100,750,9.88887197480427,0.000212304322517,0,none,none,none,-------[ 2021-10-24 04:30:00 ]
11,12554,ld2,2100,750,9.88892097526786,0.000213216410897,0,none,none,none,-------[ 2021-10-24 04:30:00 ]
11,12556,ld2,2100,750,9.88846919703896,0.000171600899626,0,none,none,none,-------[ 2021-10-24 04:30:00 ]
11,12558,ld2,2100,750,9.88861756910448,0.000238980584405,0,none,none,none,-------[ 2021-10-24 04:30:00 ]
11,12559,ld2,2100,750,9.88866096325758,0.000215754514975,0,none,none,none,-------[ 2021-10-24 04:30:00 ]
11,12565,ld2,2100,750,9.88870108430255,0.000194071414044,0,none,none,none,-------[ 2021-10-24 04:30:00 ]
11,12566,ld2,2100,750,9.88862302345534,0.00039409127572,0,none,none,none,-------[ 2021-10-24 04:30:00 ]
11,12567,ld2,2100,750,9.88833472731317,0.000346470885501,0,none,none,none,-------[ 2021-10-24 04:30:00 ]
11,12568,ld2,2100,750,9.88832279561189,0.000401559748858,0,none,none,none,-------[ 2021-10-24 04:30:00 ]
11,12569,ld2,2100,750,9.88854305505338,0.000238129648352,0,none,none,none,-------[ 2021-10-24 04:30:00 ]
11,12570,ld2,2100,750,9.8884730125,0.00025016320327,0,none,none,none,-------[ 2021-10-24 04:30:00 ]
11,12571,ld2,2100,750,9.88869652112727,0.00028771684682,0,none,none,none,-------[ 2021-10-24 04:30:00 ]
11,12572,ld2,2100,750,9.88884963683012,0.000214483185453,0,none,none,none,-------[ 2021-10-24 04:30:00 ]
11,12574,ld2,2100,750,9.88879435300724,0.000305762246228,0,none,none,none,-------[ 2021-10-24 04:30:00 ]
11,12577,ld2,2100,750,9.88866422385185,0.000412284361667,0,none,none,none,-------[ 2021-10-24 04:30:00 ]
11,12580,ld2,2100,750,9.88873912342906,0.00021404350309,0,none,none,none,-------[ 2021-10-24 04:30:00 ]
11,12581,ld2,2100,750,9.88891282927224,0.000283763320098,0,none,none,none,-------[ 2021-10-24 04:30:00 ]
11,12582,ld2,2100,750,9.88888588584239,0.000306255671333,0,none,none,none,-------[ 2021-10-24 04:30:00 ]
11,12583,ld2,2100,750,9.8885737904,0.00028056718712,0,none,none,none,-------[ 2021-10-24 04:30:00 ]
11,12584,ld2,2100,750,9.88874685972495,0.000216518335967,0,none,none,none,-------[ 2021-10-24 04:30:00 ]
11,12585,ld2,2100,750,9.88870267665414,0.000254203853586,0,none,none,none,-------[ 2021-10-24 04:30:00 ]
11,12586,ld2,2100,750,9.88855046725777,0.000290699297893,0,none,none,none,-------[ 2021-10-24 04:30:00 ]
11,12589,ld2,2100,750,9.88866182566484,0.000266263295564,0,none,none,none,-------[ 2021-10-24 04:30:00 ]
11,12590,ld2,2100,750,9.88893330495215,0.000314304393413,0,none,none,none,-------[ 2021-10-24 04:30:00 ]
11,12592,ld2,2100,750,9.88899963100719,0.000224474123742,0,none,none,none,-------[ 2021-10-24 04:30:00 ]
11,12593,ld2,2100,750,9.88896450087859,0.000299633616214,0,none,none,none,-------[ 2021-10-24 04:30:00 ]
11,12597,ld2,2100,750,9.88887222193668,0.000379486224778,0,none,none,none,-------[ 2021-10-24 04:30:00 ]
11,12598,ld2,2100,750,9.88846835686364,0.000287618749486,0,none,none,none,-------[ 2021-10-24 04:30:00 ]
11,12599,ld2,2100,750,9.88898507771429,0.000412677849118,0,none,none,none,-------[ 2021-10-24 04:30:00 ]
11,12614,ld2,2100,750,9.88883858106489,0.000287566171576,0,none,none,none,-------[ 2021-10-24 04:30:00 ]
11,12618,ld2,2100,750,9.888912002,0.000360785256459,0,none,none,none,-------[ 2021-10-24 04:30:00 ]
11,12619,ld2,2100,750,9.8889106792029,0.000338133224092,0,none,none,none,-------[ 2021-10-24 04:30:00 ]
11,12620,ld2,2100,750,9.88899888229927,0.000272719383373,0,none,none,none,-------[ 2021-10-24 04:30:00 ]
11,12623,ld2,2100,750,9.88902479817372,0.000329494296741,0,none,none,none,-------[ 2021-10-24 04:30:00 ]
11,12627,ld2,2100,750,9.889068175,0.000223310985824,0,none,none,none,-------[ 2021-10-24 04:30:00 ]
11,12628,ld2,2100,750,9.88914959314465,0.000243863954222,0,none,none,none,-------[ 2021-10-24 04:30:00 ]
11,12638,ld2,2100,750,9.88885233967742,0.0003521500641,0,none,none,none,-------[ 2021-10-24 04:30:00 ]
11,12639,ld2,2100,750,9.8889455671831,0.00018305951841,0,none,none,none,-------[ 2021-10-24 04:30:00 ]
11,12641,ld2,2100,750,9.88890176304167,0.000281147563705,0,none,none,none,-------[ 2021-10-24 04:30:00 ]
11,12642,ld2,2100,750,9.88877524,0.000236499246933,0,none,none,none,-------[ 2021-10-24 04:30:00 ]
11,12643,ld2,2100,750,9.88868223,0.00028472307767,0,none,none,none,-------[ 2021-10-24 04:30:00 ]
11,12644,ld2,2100,750,9.8887880725,0.000385733737975,0,none,none,none,-------[ 2021-10-24 04:30:00 ]
11,12645,ld2,2100,750,9.8884854485258,0.000422546007484,0,none,none,none,-------[ 2021-10-24 04:30:00 ]
11,12647,ld2,2100,750,9.88878195871605,0.000427074697634,0,none,none,none,-------[ 2021-10-24 04:30:00 ]
11,12653,ld2,2100,750,9.88817136143678,0.000353773081353,0,none,none,none,-------[ 2021-10-24 04:30:00 ]
11,12654,ld2,2100,750,9.88823796123457,0.000229862237804,0,none,none,none,-------[ 2021-10-24 04:30:00 ]
11,12655,ld2,2100,750,9.88852877655446,0.000268944088963,0,none,none,none,-------[ 2021-10-24 04:30:00 ]
11,12656,ld2,2100,750,9.88871182411197,0.000210729178472,0,none,none,none,-------[ 2021-10-24 04:30:00 ]
11,12659,ld2,2100,750,9.8888130123993,0.000274623169173,0,none,none,none,-------[ 2021-10-24 04:30:00 ]
11,12660,ld2,2100,750,9.88881789752212,0.000344282464765,0,none,none,none,-------[ 2021-10-24 04:30:00 ]
11,12661,ld2,2100,750,9.88861046852631,0.000284854075035,0,none,none,none,-------[ 2021-10-24 04:30:00 ]
11,12662,ld2,2100,750,9.88884686078864,0.000313654484699,0,none,none,none,-------[ 2021-10-24 04:30:00 ]
11,12664,ld2,2100,750,9.88854489524017,0.000483254317146,0,none,none,none,-------[ 2021-10-24 04:30:00 ]
11,12666,ld2,2100,750,9.88852428914893,0.000295805696876,0,none,none,none,-------[ 2021-10-24 04:30:00 ]
11,12671,ld2,2100,750,9.88881559696065,0.000308743410855,0,none,none,none,-------[ 2021-10-24 04:30:00 ]
11,12673,ld2,2100,750,9.88878640521452,0.000234465659767,0,none,none,none,-------[ 2021-10-24 04:30:00 ]
11,12674,ld2,2100,750,9.88872240211475,0.000247355859378,0,none,none,none,-------[ 2021-10-24 04:30:00 ]
11,12678,ld2,2100,750,9.8885010759394,0.000369088284984,0,none,none,none,-------[ 2021-10-24 04:30:00 ]
11,12679,ld2,2100,750,9.88848524022452,0.000445102746595,0,none,none,none,-------[ 2021-10-24 04:30:00 ]
11,12680,ld2,2100,750,9.88840780441532,0.000310742835261,0,none,none,none,-------[ 2021-10-24 04:30:00 ]
11,12681,ld2,2100,750,9.88822991534884,7.93134285857209E-05,0,none,none,none,-------[ 2021-10-24 04:30:00 ]
11,12682,ld2,2100,750,9.88830400231054,0.000330845952736,0,none,none,none,-------[ 2021-10-24 04:30:00 ]
11,12683,ld2,2100,750,9.88819088627572,0.000299416830641,0,none,none,none,-------[ 2021-10-24 04:30:00 ]
11,12684,ld2,2100,750,9.88801750166667,0.000252528775918,0,none,none,none,-------[ 2021-10-24 04:30:00 ]
11,12686,ld2,2100,750,9.8880850864966,0.000604791717401,0,none,none,none,-------[ 2021-10-24 04:30:00 ]
11,12687,ld2,2100,750,9.887604636098,0.000499022555482,0,none,none,none,-------[ 2021-10-24 04:30:00 ]
11,12688,ld2,2100,750,9.88734532209726,0.00057249560491,0,none,none,none,-------[ 2021-10-24 04:30:00 ]
11,12693,ld2,2100,750,9.88894719818182,0.000177723675923,0,none,none,none,-------[ 2021-10-24 04:30:00 ]
11,12694,ld2,2100,750,9.88900011972917,0.000176233565738,0,none,none,none,-------[ 2021-10-24 04:30:00 ]
11,12695,ld2,2100,750,9.88899641892925,0.000167244109488,0,none,none,none,-------[ 2021-10-24 04:30:00 ]
11,12697,ld2,2100,750,9.88898086455724,0.000166513434262,0,none,none,none,-------[ 2021-10-24 04:30:00 ]
11,12699,ld2,2100,750,9.88912188178862,0.000105445972567,0,none,none,none,-------[ 2021-10-24 04:30:00 ]
11,12700,ld2,2100,750,9.88921562294118,0.000166189828152,0,none,none,none,-------[ 2021-10-24 04:30:00 ]
11,12701,ld2,2100,750,9.8891947513253,0.000154161555905,0,none,none,none,-------[ 2021-10-24 04:30:00 ]
11,12702,ld2,2100,750,9.88912386016327,0.000179993489932,0,none,none,none,-------[ 2021-10-24 04:30:00 ]
11,12706,ld2,2100,750,9.88913590807273,0.00014146011913,0,none,none,none,-------[ 2021-10-24 04:30:00 ]
11,12707,ld2,2100,750,9.88920083925333,0.000136652836393,0,none,none,none,-------[ 2021-10-24 04:30:00 ]
11,12708,ld2,2100,750,9.88919900101933,0.000138878971861,0,none,none,none,-------[ 2021-10-24 04:30:00 ]
11,12709,ld2,2100,750,9.88919970020942,0.000138827803228,0,none,none,none,-------[ 2021-10-24 04:30:00 ]
11,12710,ld2,2100,750,9.88920182475,0.00015916527991,0,none,none,none,-------[ 2021-10-24 04:30:00 ]
11,12711,ld2,2100,750,9.8891834316879,0.000115971188646,0,none,none,none,-------[ 2021-10-24 04:30:00 ]
11,12713,ld2,2100,750,9.889095425625,0.000115800176164,0,none,none,none,-------[ 2021-10-24 04:30:00 ]
11,12714,ld2,2100,750,9.88908139029159,0.000125096254808,0,none,none,none,-------[ 2021-10-24 04:30:00 ]
11,12715,ld2,2100,750,9.88913208493151,0.000148840023485,0,none,none,none,-------[ 2021-10-24 04:30:00 ]
11,12721,ld2,2100,750,9.88916278816921,0.000257401263601,0,none,none,none,-------[ 2021-10-24 04:30:00 ]
11,12722,ld2,2100,750,9.88908675890334,0.000154141053502,0,none,none,none,-------[ 2021-10-24 04:30:00 ]
11,12726,ld2,0,750,9.88904664131696,0.000135118247741,0,none,none,none,-------[ 2021-10-24 04:30:00 ]
11,12728,ld2,0,750,9.88902077678652,0.00018832288957,0,none,none,none,-------[ 2021-10-24 04:30:00 ]
11,12729,ld2,0,750,9.88901972944444,0.000182033088929,0,none,none,none,-------[ 2021-10-24 04:30:00 ]
11,12732,ld2,2100,750,9.88894696464926,0.000191979410862,0,none,none,none,-------[ 2021-10-24 04:30:00 ]
11,12733,ld2,2100,750,9.88899263853488,0.000243323466817,0,none,none,none,-------[ 2021-10-24 04:30:00 ]
11,12734,ld2,2100,750,9.88890511957237,0.000241454098114,0,none,none,none,-------[ 2021-10-24 04:30:00 ]
11,12735,ld2,2100,750,9.88888296306709,0.000238033851922,0,none,none,none,-------[ 2021-10-24 04:30:00 ]
11,12737,ld2,2100,750,9.88919273055556,0.000211770878838,0,none,none,none,-------[ 2021-10-24 04:30:00 ]
11,12738,ld2,2100,750,9.88941391550255,0.000180337690252,0,none,none,none,-------[ 2021-10-24 04:30:00 ]
11,12739,ld2,2100,750,9.889296505,0.000164011684799,0,none,none,none,-------[ 2021-10-24 04:30:00 ]
11,12740,ld2,2100,750,9.88942416572447,0.000185048082591,0,none,none,none,-------[ 2021-10-24 04:30:00 ]
11,12742,ld2,2100,750,9.88887737210526,0.000268145674967,0,none,none,none,-------[ 2021-10-24 04:30:00 ]
11,12743,ld2,2100,750,9.88932930210389,0.000212182751051,0,none,none,none,-------[ 2021-10-24 04:30:00 ]
11,12767,ld2,2100,750,9.88947385811563,0.000210678973842,0,none,none,none,-------[ 2021-10-24 04:30:00 ]
11,12768,ld2,2100,750,9.88939952584245,0.000243980299464,0,none,none,none,-------[ 2021-10-24 04:30:00 ]
11,12769,ld2,2100,750,9.88951773241627,0.000231356184394,0,none,none,none,-------[ 2021-10-24 04:30:00 ]
11,12770,ld2,2100,750,9.88944738334,0.000251380067493,0,none,none,none,-------[ 2021-10-24 04:30:00 ]
11,12771,ld2,2100,750,9.88951946657351,0.000236577376796,0,none,none,none,-------[ 2021-10-24 04:30:00 ]
11,12772,ld2,2100,750,9.88937004629668,0.000200751126632,0,none,none,none,-------[ 2021-10-24 04:30:00 ]
11,12773,ld2,2100,750,9.88934836217207,0.000145915710297,0,none,none,none,-------[ 2021-10-24 04:30:00 ]
11,12778,ld2,2100,750,9.88942445521591,0.000197807173571,0,none,none,none,-------[ 2021-10-24 04:30:00 ]
11,12779,ld2,2100,750,9.8893216808922,0.000204830566609,0,none,none,none,-------[ 2021-10-24 04:30:00 ]
11,12781,ld2,2100,750,9.88920656335283,0.000234419986175,0,none,none,none,-------[ 2021-10-24 04:30:00 ]
11,12782,ld2,2100,750,9.88934401557185,0.000195586501723,0,none,none,none,-------[ 2021-10-24 04:30:00 ]
11,12796,ld2,2100,750,9.88925113757576,9.54593705358063E-05,0,none,none,none,-------[ 2021-10-24 04:30:00 ]
11,12797,ld2,2100,750,9.8893269859466,0.000190534679979,0,none,none,none,-------[ 2021-10-24 04:30:00 ]
11,12798,ld2,2100,750,9.88945632889156,0.000229069402598,0,none,none,none,-------[ 2021-10-24 04:30:00 ]
11,12799,ld2,2100,750,9.88950082653846,0.000229636934556,0,none,none,none,-------[ 2021-10-24 04:30:00 ]
11,12801,ld2,2100,750,9.88942883841216,0.000198290076732,0,none,none,none,-------[ 2021-10-24 04:30:00 ]
11,12802,ld2,2100,750,9.88949580818,0.000225451836396,0,none,none,none,-------[ 2021-10-24 04:30:00 ]
11,12813,ld2,2100,750,9.88923498324647,0.000160760743613,0,none,none,none,-------[ 2021-10-24 04:30:00 ]
11,12814,ld2,2100,750,9.88938416891709,0.000176411566779,0,none,none,none,-------[ 2021-10-24 04:30:00 ]
11,12815,ld2,2100,750,9.88953109935088,0.000217004138595,0,none,none,none,-------[ 2021-10-24 04:30:00 ]
11,12816,ld2,2100,750,9.88961509692432,0.000235658270024,0,none,none,none,-------[ 2021-10-24 04:30:00 ]
11,12817,ld2,2100,750,9.8897295510849,0.000274826983971,0,none,none,none,-------[ 2021-10-24 04:30:00 ]
11,12819,ld2,2100,750,9.88967693995,0.000293689249288,0,none,none,none,-------[ 2021-10-24 04:30:00 ]
11,12820,ld2,2100,750,9.88958472343023,0.000255889408517,0,none,none,none,-------[ 2021-10-24 04:30:00 ]
11,12824,ld2,2100,750,9.88946360374571,0.000206970485945,0,none,none,none,-------[ 2021-10-24 04:30:00 ]
11,12825,ld2,2100,750,9.88949862631083,0.000238462740687,0,none,none,none,-------[ 2021-10-24 04:30:00 ]
11,12826,ld2,2100,750,9.8894789035,0.000205926038011,0,none,none,none,-------[ 2021-10-24 04:30:00 ]
11,12827,ld2,2100,750,9.88949259571429,0.000198818146798,0,none,none,none,-------[ 2021-10-24 04:30:00 ]
11,12828,ld2,2100,750,9.88939873146959,0.000226231019332,0,none,none,none,-------[ 2021-10-24 04:30:00 ]
11,12829,ld2,2100,750,9.88929507882759,0.000180950459493,0,none,none,none,-------[ 2021-10-24 04:30:00 ]
11,12830,ld2,2100,750,9.88927690295238,0.00020855245448,0,none,none,none,-------[ 2021-10-24 04:30:00 ]
11,12894,ld2,2100,750,9.88778769422735,0.00054696088898,0,none,none,none,-------[ 2021-10-24 04:30:00 ]
11,12896,ld2,2100,750,9.88855618617954,0.000292480275156,0,none,none,none,-------[ 2021-10-24 04:30:00 ]
11,12897,ld2,2100,750,9.88883200605341,0.000448840847874,0,none,none,none,-------[ 2021-10-24 04:30:00 ]
11,12902,ld2,2100,750,9.88892834792079,0.000948628441535,0,none,none,none,-------[ 2021-10-24 04:30:00 ]
11,12903,ld2,2100,750,9.8884333704,0.000558887344407,0,none,none,none,-------[ 2021-10-24 04:30:00 ]
11,12904,ld2,2100,750,9.88904941160888,0.000646338065946,0,none,none,none,-------[ 2021-10-24 04:30:00 ]
11,12906,ld2,2100,750,9.88919641060606,0.000191801644176,0,none,none,none,-------[ 2021-10-24 04:30:00 ]
11,12907,ld2,2100,750,9.88924973702663,0.000190225755188,0,none,none,none,-------[ 2021-10-24 04:30:00 ]
11,12908,ld2,2100,750,9.88931240474359,0.000217816256603,0,none,none,none,-------[ 2021-10-24 04:30:00 ]
11,12909,ld2,2100,750,9.88929331312796,0.000200824397205,0,none,none,none,-------[ 2021-10-24 04:30:00 ]
11,12911,ld2,2100,750,9.88923603,0.000163896670051,0,none,none,none,-------[ 2021-10-24 04:30:00 ]
11,12912,ld2,2100,750,9.88916648219033,0.000228643504985,0,none,none,none,-------[ 2021-10-24 04:30:00 ]
11,12913,ld2,2100,750,9.88915253587629,0.000127195956384,0,none,none,none,-------[ 2021-10-24 04:30:00 ]
11,12914,ld2,2100,750,9.88921361617801,0.0001842953215,0,none,none,none,-------[ 2021-10-24 04:30:00 ]
11,12915,ld2,2100,750,9.88924683205714,0.000203298781181,0,none,none,none,-------[ 2021-10-24 04:30:00 ]
11,12916,ld2,2100,750,9.88924810002016,0.000235775334162,0,none,none,none,-------[ 2021-10-24 04:30:00 ]
11,12917,ld2,2100,750,9.88938867775,0.000261259476149,0,none,none,none,-------[ 2021-10-24 04:30:00 ]
11,12918,ld2,2100,750,9.889591910625,0.000314593663608,0,none,none,none,-------[ 2021-10-24 04:30:00 ]
11,12919,ld2,2100,750,9.88942778697193,0.000213982712469,0,none,none,none,-------[ 2021-10-24 04:30:00 ]
11,12920,ld2,2100,750,9.88953827109215,0.000265853440122,0,none,none,none,-------[ 2021-10-24 04:30:00 ]
11,12921,ld2,2100,750,9.88966012059524,0.000246159007735,0,none,none,none,-------[ 2021-10-24 04:30:00 ]
11,12932,ld2,2100,750,9.88949731862069,0.00026773338535,0,none,none,none,-------[ 2021-10-24 04:30:00 ]
11,12933,ld2,2100,750,9.88946388114228,0.000254884122272,0,none,none,none,-------[ 2021-10-24 04:30:00 ]
11,12934,ld2,2100,750,9.88971143916318,0.000351872859196,0,none,none,none,-------[ 2021-10-24 04:30:00 ]
11,12935,ld2,2100,750,9.88969710650672,0.000270070377798,0,none,none,none,-------[ 2021-10-24 04:30:00 ]
11,12936,ld2,2100,750,9.88948933902549,0.000290812606812,0,none,none,none,-------[ 2021-10-24 04:30:00 ]
11,12939,ld2,2100,750,9.88885712357143,0.000401988345323,0,none,none,none,-------[ 2021-10-24 04:30:00 ]
11,12940,ld2,2100,750,9.88874499852615,0.00036027609423,0,none,none,none,-------[ 2021-10-24 04:30:00 ]
11,12946,ld2,2100,750,9.88859596865285,0.00032891824404,0,none,none,none,-------[ 2021-10-24 04:30:00 ]
11,12957,ld2,2100,750,9.88897630669663,0.000194600806983,0,none,none,none,-------[ 2021-10-24 04:30:00 ]
11,12961,ld2,2100,750,9.88890903821721,0.000195076274284,0,none,none,none,-------[ 2021-10-24 04:30:00 ]
11,12962,ld2,2100,750,9.88888780514523,0.000172422870144,0,none,none,none,-------[ 2021-10-24 04:30:00 ]
11,12963,ld2,2100,750,9.889028976875,0.000164207964077,0,none,none,none,-------[ 2021-10-24 04:30:00 ]
11,12965,ld2,2100,750,9.88898907447563,0.000182627489374,0,none,none,none,-------[ 2021-10-24 04:30:00 ]
11,12968,ld2,2100,750,9.88893196211618,0.000186955516452,0,none,none,none,-------[ 2021-10-24 04:30:00 ]
11,12969,ld2,2100,750,9.88890972125703,0.000185593273554,0,none,none,none,-------[ 2021-10-24 04:30:00 ]
11,12970,ld2,2100,750,9.88894439874003,0.000245503271541,0,none,none,none,-------[ 2021-10-24 04:30:00 ]
11,12971,ld2,2100,750,9.8888487848785,0.000187117768272,0,none,none,none,-------[ 2021-10-24 04:30:00 ]
11,12972,ld2,2100,750,9.88870209070295,0.000272282591082,0,none,none,none,-------[ 2021-10-24 04:30:00 ]
11,12975,ld2,2100,750,9.88911229234899,0.000169366288169,0,none,none,none,-------[ 2021-10-24 04:30:00 ]
11,12976,ld2,2100,750,9.88909357398844,0.000153729958525,0,none,none,none,-------[ 2021-10-24 04:30:00 ]
11,12977,ld2,2100,750,9.88913232111111,0.000189824458866,0,none,none,none,-------[ 2021-10-24 04:30:00 ]
11,12979,ld2,2100,750,9.88890350289474,0.000179005911298,0,none,none,none,-------[ 2021-10-24 04:30:00 ]
11,12980,ld2,2100,750,9.88905064560241,0.000176034016948,0,none,none,none,-------[ 2021-10-24 04:30:00 ]
11,12982,ld2,2100,750,9.8885444524196,0.000324471481097,0,none,none,none,-------[ 2021-10-24 04:30:00 ]
11,12983,ld2,2100,750,9.88890551884058,0.000265210929602,0,none,none,none,-------[ 2021-10-24 04:30:00 ]
11,12984,ld2,2100,750,9.88917075630114,0.00016379946959,0,none,none,none,-------[ 2021-10-24 04:30:00 ]
11,12986,ld2,2100,750,9.88904797328011,0.000251043932329,0,none,none,none,-------[ 2021-10-24 04:30:00 ]
11,12987,ld2,2100,750,9.88905387314894,0.000230096071251,0,none,none,none,-------[ 2021-10-24 04:30:00 ]
11,12988,ld2,2100,750,9.88899113123967,0.000264711091601,0,none,none,none,-------[ 2021-10-24 04:30:00 ]
11,12989,ld2,2100,750,9.88900539762791,0.00030169737596,0,none,none,none,-------[ 2021-10-24 04:30:00 ]
11,13000,ld2,2100,750,9.8886876993217,0.000244126985918,0,none,none,none,-------[ 2021-10-24 04:30:00 ]
11,13029,ld2,2100,750,9.8887255104007,0.000267510927658,0,none,none,none,-------[ 2021-10-24 04:30:00 ]
11,13030,ld2,2100,750,9.88878782154514,0.000248412067555,0,none,none,none,-------[ 2021-10-24 04:30:00 ]
11,13034,ld2,2100,750,9.88895840581272,0.000283327795921,0,none,none,none,-------[ 2021-10-24 04:30:00 ]
11,13035,ld2,2100,750,9.88928736428312,0.000245678581295,0,none,none,none,-------[ 2021-10-24 04:30:00 ]
11,13036,ld2,2100,750,9.88938861455284,0.000248833465798,0,none,none,none,-------[ 2021-10-24 04:30:00 ]
11,13038,ld2,2100,750,9.88904481228261,0.00037724683535,0,none,none,none,-------[ 2021-10-24 04:30:00 ]
11,13039,ld2,2100,750,9.88905957626573,0.000506872229292,0,none,none,none,-------[ 2021-10-24 04:30:00 ]
11,13040,ld2,2100,750,9.88895821289244,0.000412654026323,0,none,none,none,-------[ 2021-10-24 04:30:00 ]
11,13044,ld2,2100,750,9.88886305487319,0.000160744742007,0,none,none,none,-------[ 2021-10-24 04:30:00 ]
11,13045,ld2,2100,750,9.88903297595111,0.000247968390245,0,none,none,none,-------[ 2021-10-24 04:30:00 ]
11,13048,ld2,2100,750,9.88919792583333,0.000178920401088,0,none,none,none,-------[ 2021-10-24 04:30:00 ]
11,13049,ld2,2100,750,9.88887469380481,0.000290284422766,0,none,none,none,-------[ 2021-10-24 04:30:00 ]
11,13050,ld2,2100,750,9.88884052543795,0.000242764587287,0,none,none,none,-------[ 2021-10-24 04:30:00 ]
11,13051,ld2,2100,750,9.88889651961471,0.000263770574616,0,none,none,none,-------[ 2021-10-24 04:30:00 ]
11,13052,ld2,2100,750,9.88892839920696,0.000243845973122,0,none,none,none,-------[ 2021-10-24 04:30:00 ]
11,13053,ld2,2100,750,9.88891993047619,0.00020337021628,0,none,none,none,-------[ 2021-10-24 04:30:00 ]
11,13054,ld2,2100,750,9.88889774545455,0.000233528033626,0,none,none,none,-------[ 2021-10-24 04:30:00 ]
11,13055,ld2,2100,750,9.88890699938272,0.000175069760803,0,none,none,none,-------[ 2021-10-24 04:30:00 ]
11,13058,ld2,2100,750,9.88882397803419,0.000241772959891,0,none,none,none,-------[ 2021-10-24 04:30:00 ]
11,13059,ld2,2100,750,9.88882560474672,0.00026131445959,0,none,none,none,-------[ 2021-10-24 04:30:00 ]
11,13060,ld2,2100,750,9.88877574644214,0.000220684145396,0,none,none,none,-------[ 2021-10-24 04:30:00 ]
11,13061,ld2,2100,750,9.88884210470978,0.000230101725572,0,none,none,none,-------[ 2021-10-24 04:30:00 ]
11,13062,ld2,2100,750,9.88897025454819,0.000217241822441,0,none,none,none,-------[ 2021-10-24 04:30:00 ]
11,13063,ld2,2100,750,9.88895647550787,0.000229555367128,0,none,none,none,-------[ 2021-10-24 04:30:00 ]
14,13305,ld2,1470,750,5.98268098733333,0.000151225911368,0,none,none,none,-------[ 2021-10-24 04:30:00 ]
14,13306,ld2,1470,750,5.98272598850598,0.000223713661069,0,none,none,none,-------[ 2021-10-24 04:30:00 ]
14,13307,ld2,1470,750,5.98276126072824,0.000330888100266,0,none,none,none,-------[ 2021-10-24 04:30:00 ]
14,13308,ld2,1470,750,5.98265827213861,0.000186096907644,0,none,none,none,-------[ 2021-10-24 04:30:00 ]
14,13309,ld2,1470,750,5.98272538451613,0.000296062479888,0,none,none,none,-------[ 2021-10-24 04:30:00 ]
14,13314,ld2,1470,750,5.98284074955912,0.000256980851491,0,none,none,none,-------[ 2021-10-24 04:30:00 ]
14,13315,ld2,1470,750,5.98304664404762,0.00035236475532,0,none,none,none,-------[ 2021-10-24 04:30:00 ]
14,13316,ld2,1470,750,5.98321870043716,0.000333242126417,0,none,none,none,-------[ 2021-10-24 04:30:00 ]
14,13317,ld2,1470,750,5.98287839380869,0.000256488395274,0,none,none,none,-------[ 2021-10-24 04:30:00 ]
14,13318,ld2,1470,750,5.98292859385762,0.000270016061985,0,none,none,none,-------[ 2021-10-24 04:30:00 ]
14,13319,ld2,1470,750,5.98299208504174,0.000290498585033,0,none,none,none,-------[ 2021-10-24 04:30:00 ]
14,13322,ld2,1470,750,5.98273013540338,0.000383164622067,0,none,none,none,-------[ 2021-10-24 04:30:00 ]
14,13323,ld2,1470,750,5.98274698151515,0.000394354668642,0,none,none,none,-------[ 2021-10-24 04:30:00 ]
14,13324,ld2,1470,750,5.98274305174274,0.000336920323162,0,none,none,none,-------[ 2021-10-24 04:30:00 ]
14,13325,ld2,1470,750,5.98271610267823,0.000319074161211,0,none,none,none,-------[ 2021-10-24 04:30:00 ]
14,13342,ld2,1470,750,5.98288252466942,0.000349813314609,0,none,none,none,-------[ 2021-10-24 04:30:00 ]
14,13344,ld2,1470,750,5.98280251406977,0.00033911706202,0,none,none,none,-------[ 2021-10-24 04:30:00 ]
14,13353,ld2,1470,750,5.98253770274286,0.000238433547195,0,none,none,none,-------[ 2021-10-24 04:30:00 ]
14,13357,ld2,1470,750,5.98268233194064,0.000404792226561,0,none,none,none,-------[ 2021-10-24 04:30:00 ]
14,13358,ld2,1470,750,5.98252669532567,0.000248268984776,0,none,none,none,-------[ 2021-10-24 04:30:00 ]
14,13359,ld2,1470,750,5.98257016972826,0.000306957393203,0,none,none,none,-------[ 2021-10-24 04:30:00 ]
14,13360,ld2,1470,750,5.98258531224771,0.000313989884154,0,none,none,none,-------[ 2021-10-24 04:30:00 ]
14,13361,ld2,1470,750,5.98259162289394,0.000321376554938,0,none,none,none,-------[ 2021-10-24 04:30:00 ]
14,13362,ld2,1470,750,5.98255619280412,0.00025465099843,0,none,none,none,-------[ 2021-10-24 04:30:00 ]
14,13363,ld2,1470,750,5.98274681439058,0.000474437250545,0,none,none,none,-------[ 2021-10-24 04:30:00 ]
14,13364,ld2,1470,750,5.982880305625,0.000512034019872,0,none,none,none,-------[ 2021-10-24 04:30:00 ]
14,13368,ld2,1470,750,5.98255387723361,0.000410730871685,0,none,none,none,-------[ 2021-10-24 04:30:00 ]
14,13369,ld2,1470,750,5.98255724235294,0.000412165044404,0,none,none,none,-------[ 2021-10-24 04:30:00 ]
14,13370,ld2,1470,750,5.98248963369231,0.000353498305073,0,none,none,none,-------[ 2021-10-24 04:30:00 ]
14,13371,ld2,1470,750,5.98306006464098,0.000514069271203,0,none,none,none,-------[ 2021-10-24 04:30:00 ]
14,13372,ld2,1470,750,5.98268241189607,0.000519647160282,0,none,none,none,-------[ 2021-10-24 04:30:00 ]
14,13373,ld2,1470,750,5.98252071892272,0.000433606568021,0,none,none,none,-------[ 2021-10-24 04:30:00 ]
14,13381,ld2,1470,750,5.9826328122807,0.000173165010952,0,none,none,none,-------[ 2021-10-24 04:30:00 ]
14,13382,ld2,1470,750,5.98267794143627,0.000284178794415,0,none,none,none,-------[ 2021-10-24 04:30:00 ]
14,13384,ld2,1470,750,5.98268555615652,0.000334961849098,0,none,none,none,-------[ 2021-10-24 04:30:00 ]
14,13385,ld2,1470,750,5.98261885452504,0.000273846502361,0,none,none,none,-------[ 2021-10-24 04:30:00 ]
14,13387,ld2,1470,750,5.98265489587719,0.000343221209552,0,none,none,none,-------[ 2021-10-24 04:30:00 ]
14,13388,ld2,1470,750,5.98267354638047,0.000368970907238,0,none,none,none,-------[ 2021-10-24 04:30:00 ]
14,13389,ld2,1470,750,5.98265631405594,0.000386276094126,0,none,none,none,-------[ 2021-10-24 04:30:00 ]
14,13390,ld2,1470,750,5.98263243897196,0.000324827502126,0,none,none,none,-------[ 2021-10-24 04:30:00 ]
14,13391,ld2,1470,750,5.98263558980273,0.000368757508741,0,none,none,none,-------[ 2021-10-24 04:30:00 ]
14,13392,ld2,1470,750,5.98250646562044,0.000285386938476,0,none,none,none,-------[ 2021-10-24 04:30:00 ]
14,13393,ld2,1470,750,5.98264233534151,0.000434306089874,0,none,none,none,-------[ 2021-10-24 04:30:00 ]
14,13394,ld2,1470,750,5.9830509291833,0.000506534693062,0,none,none,none,-------[ 2021-10-24 04:30:00 ]
14,13395,ld2,1470,750,5.982548965,0.000329224682213,0,none,none,none,-------[ 2021-10-24 04:30:00 ]
14,13398,ld2,1470,750,5.98247216157371,0.000232121584431,0,none,none,none,-------[ 2021-10-24 04:30:00 ]
14,13399,ld2,1470,750,5.98242557267442,0.00017101124751,0,none,none,none,-------[ 2021-10-24 04:30:00 ]
14,13400,ld2,1470,750,5.98249416437858,0.00032928199233,0,none,none,none,-------[ 2021-10-24 04:30:00 ]
14,13402,ld2,1470,750,5.98249982555555,0.000375079128864,0,none,none,none,-------[ 2021-10-24 04:30:00 ]
14,13403,ld2,1470,750,5.98252929641463,0.000306722647833,0,none,none,none,-------[ 2021-10-24 04:30:00 ]
14,13406,ld2,1470,750,5.98251719765705,0.000388281104106,0,none,none,none,-------[ 2021-10-24 04:30:00 ]
14,13407,ld2,1470,750,5.98252024034031,0.000405914667823,0,none,none,none,-------[ 2021-10-24 04:30:00 ]
8,13453,ld2,1470,750,5.98264354586584,0.000339650071096,0,none,none,none,-------[ 2021-10-24 04:30:00 ]
8,13454,ld2,1470,750,5.98275277657636,0.000430034025079,0,none,none,none,-------[ 2021-10-24 04:30:00 ]
8,13455,ld2,1470,750,5.98269948012987,0.000391253757413,0,none,none,none,-------[ 2021-10-24 04:30:00 ]
8,13468,ld2,0,750,5.98268179626415,0.000295279209386,0,none,none,none,-------[ 2021-10-24 04:30:00 ]
8,13470,ld2,0,750,5.98276690929603,0.000341773973426,0,none,none,none,-------[ 2021-10-24 04:30:00 ]
8,13472,ld2,0,750,5.98270566966292,0.000314368896427,0,none,none,none,-------[ 2021-10-24 04:30:00 ]
8,13473,ld2,0,750,5.9826533596,0.000243883570017,0,none,none,none,-------[ 2021-10-24 04:30:00 ]
8,13474,ld2,0,750,5.98285724235529,0.000422885594035,0,none,none,none,-------[ 2021-10-24 04:30:00 ]
8,13475,ld2,0,750,5.98278411835,0.000372299691441,0,none,none,none,-------[ 2021-10-24 04:30:00 ]
8,13476,ld2,0,750,5.98280429391304,0.000439219989669,0,none,none,none,-------[ 2021-10-24 04:30:00 ]
8,13477,ld2,0,750,5.98277226282744,0.000419080944106,0,none,none,none,-------[ 2021-10-24 04:30:00 ]
8,13478,ld2,0,750,5.98258270711253,0.000308302043125,0,none,none,none,-------[ 2021-10-24 04:30:00 ]
8,13479,ld2,0,750,5.98267730340909,0.000490970803681,0,none,none,none,-------[ 2021-10-24 04:30:00 ]
8,13491,ld2,1470,750,5.9828145125254,0.000596374281951,0,none,none,none,-------[ 2021-10-24 04:30:00 ]
8,13492,ld2,1470,750,5.98251500586053,0.000355003375736,0,none,none,none,-------[ 2021-10-24 04:30:00 ]
8,13493,ld2,1470,750,5.9825039036417,0.000397844905116,0,none,none,none,-------[ 2021-10-24 04:30:00 ]
8,13494,ld2,1470,750,5.98246008941463,0.000391658768159,0,none,none,none,-------[ 2021-10-24 04:30:00 ]
8,13495,ld2,1470,750,5.98245029380342,0.00038735626141,0,none,none,none,-------[ 2021-10-24 04:30:00 ]
8,13496,ld2,1470,750,5.9825413957764,0.000438548544752,0,none,none,none,-------[ 2021-10-24 04:30:00 ]
8,13497,ld2,1470,750,5.98244254433071,0.000356247910419,0,none,none,none,-------[ 2021-10-24 04:30:00 ]
8,13502,ld2,1470,750,5.98273296220708,0.000377316717569,0,none,none,none,-------[ 2021-10-24 04:30:00 ]
8,13503,ld2,1470,750,5.98267532802985,0.000373289999582,0,none,none,none,-------[ 2021-10-24 04:30:00 ]
8,13504,ld2,1470,750,5.98276104473233,0.00042249451559,0,none,none,none,-------[ 2021-10-24 04:30:00 ]
8,13505,ld2,1470,750,5.98264299117409,0.000344000720305,0,none,none,none,-------[ 2021-10-24 04:30:00 ]
8,13544,ld2,2100,750,5.98237353690821,0.000294197087074,0,none,none,none,-------[ 2021-10-24 04:30:00 ]
8,13545,ld2,2100,750,5.98236286290909,0.000307773695299,0,none,none,none,-------[ 2021-10-24 04:30:00 ]
8,13546,ld2,2100,750,5.9823051357,0.00023946168013,0,none,none,none,-------[ 2021-10-24 04:30:00 ]
8,13547,ld2,2100,750,5.98241432461883,0.000433093281839,0,none,none,none,-------[ 2021-10-24 04:30:00 ]
8,13548,ld2,2100,750,5.9823580854321,0.000435148697456,0,none,none,none,-------[ 2021-10-24 04:30:00 ]
8,13549,ld2,2100,750,5.9824695073913,0.00051691986434,0,none,none,none,-------[ 2021-10-24 04:30:00 ]
8,13550,ld2,2100,750,5.98252364976048,0.000484565428602,0,none,none,none,-------[ 2021-10-24 04:30:00 ]
8,13551,ld2,2100,750,5.98294837392857,0.000536595824478,0,none,none,none,-------[ 2021-10-24 04:30:00 ]
8,13552,ld2,2100,750,5.98261655247706,0.000407749391244,0,none,none,none,-------[ 2021-10-24 04:30:00 ]
8,13554,ld2,2100,750,5.98308529358268,0.000512651173268,0,none,none,none,-------[ 2021-10-24 04:30:00 ]
8,13556,ld2,2100,750,5.98242520458537,0.00035812038899,0,none,none,none,-------[ 2021-10-24 04:30:00 ]
8,13557,ld2,2100,750,5.9826997855665,0.000567877528065,0,none,none,none,-------[ 2021-10-24 04:30:00 ]
8,13558,ld2,1470,750,5.98250427743494,0.000470860826942,0,none,none,none,-------[ 2021-10-24 04:30:00 ]
8,13559,ld2,1470,750,5.98241644167038,0.000423162963088,0,none,none,none,-------[ 2021-10-24 04:30:00 ]
8,13560,ld2,1470,750,5.98234990084375,0.000456508970234,0,none,none,none,-------[ 2021-10-24 04:30:00 ]
8,13561,ld2,1470,750,5.98238308528767,0.000475880104939,0,none,none,none,-------[ 2021-10-24 04:30:00 ]
8,13562,ld2,1470,750,5.98228494135321,0.000452149233263,0,none,none,none,-------[ 2021-10-24 04:30:00 ]
8,13563,ld2,1470,750,5.9821576973052,0.000302034252909,0,none,none,none,-------[ 2021-10-24 04:30:00 ]
8,13564,ld2,1470,750,5.98205392343173,0.00026466827582,0,none,none,none,-------[ 2021-10-24 04:30:00 ]
8,13565,ld2,1470,750,5.98226320963576,0.000457122990266,0,none,none,none,-------[ 2021-10-24 04:30:00 ]
8,13566,ld2,1470,750,5.9822380820892,0.000426544299387,0,none,none,none,-------[ 2021-10-24 04:30:00 ]
8,13567,ld2,1470,750,5.98225720612691,0.000317933937617,0,none,none,none,-------[ 2021-10-24 04:30:00 ]
8,13568,ld2,1470,750,5.98234011114583,0.000446139961142,0,none,none,none,-------[ 2021-10-24 04:30:00 ]
8,13569,ld2,1470,750,5.98231160119231,0.000347268179432,0,none,none,none,-------[ 2021-10-24 04:30:00 ]
8,13570,ld2,1470,750,5.98232271559471,0.000282229994329,0,none,none,none,-------[ 2021-10-24 04:30:00 ]
8,13571,ld2,1470,750,5.98230952686099,0.000194682334244,0,none,none,none,-------[ 2021-10-24 04:30:00 ]
8,13581,ld2,1050,750,5.98263912942105,0.000504902089632,0,none,none,none,-------[ 2021-10-24 04:30:00 ]
8,13582,ld2,1050,750,5.98277219292169,0.000468909382619,0,none,none,none,-------[ 2021-10-24 04:30:00 ]
8,13583,ld2,1050,750,5.98253963273913,0.000293810327907,0,none,none,none,-------[ 2021-10-24 04:30:00 ]
8,13584,ld2,1050,750,5.98252675296935,0.000277954119157,0,none,none,none,-------[ 2021-10-24 04:30:00 ]
8,13585,ld2,1050,750,5.98269145960912,0.000339605887964,0,none,none,none,-------[ 2021-10-24 04:30:00 ]
8,13586,ld2,1050,750,5.9827164383945,0.000267999477093,0,none,none,none,-------[ 2021-10-24 04:30:00 ]
8,13587,ld2,1470,750,5.98267375108257,0.000269010159893,0,none,none,none,-------[ 2021-10-24 04:30:00 ]
8,13588,ld2,1470,750,5.98304493410287,0.000362438266782,0,none,none,none,-------[ 2021-10-24 04:30:00 ]
8,13589,ld2,1470,750,5.98291881391813,0.000334883918225,0,none,none,none,-------[ 2021-10-24 04:30:00 ]
8,13590,ld2,1470,750,5.98313012431579,0.000248183335952,0,none,none,none,-------[ 2021-10-24 04:30:00 ]
8,13591,ld2,1470,750,5.98287061989983,0.000194811663785,0,none,none,none,-------[ 2021-10-24 04:30:00 ]
8,13592,ld2,1470,750,5.98341862344386,0.000123692140963,0,none,none,none,-------[ 2021-10-24 04:30:00 ]
8,13593,ld2,1470,750,5.98296103328446,0.000442527468693,0,none,none,none,-------[ 2021-10-24 04:30:00 ]
8,13596,ld2,1470,750,5.98250205869757,0.000298705469221,0,none,none,none,-------[ 2021-10-24 04:30:00 ]
8,13597,ld2,1470,750,5.98240547222543,0.000270843929753,0,none,none,none,-------[ 2021-10-24 04:30:00 ]
8,13608,ld2,1470,750,5.98253113261959,0.000431260734369,0,none,none,none,-------[ 2021-10-24 04:30:00 ]
8,13609,ld2,1470,750,5.9826022141573,0.000426582583078,0,none,none,none,-------[ 2021-10-24 04:30:00 ]
8,13610,ld2,1470,750,5.98257097665025,0.000418390446545,0,none,none,none,-------[ 2021-10-24 04:30:00 ]
8,13612,ld2,1470,750,5.98244432032178,0.000230963715129,0,none,none,none,-------[ 2021-10-24 04:30:00 ]
8,13613,ld2,1470,750,5.9825405749763,0.000345099053842,0,none,none,none,-------[ 2021-10-24 04:30:00 ]
8,13614,ld2,1470,750,5.98267396574627,0.000449696094962,0,none,none,none,-------[ 2021-10-24 04:30:00 ]
8,13615,ld2,1470,750,5.98254091113835,0.000366434740267,0,none,none,none,-------[ 2021-10-24 04:30:00 ]
8,13616,ld2,1470,750,5.98252965393195,0.000311183373814,0,none,none,none,-------[ 2021-10-24 04:30:00 ]
8,13617,ld2,1470,750,5.98250471264,0.000203625444864,0,none,none,none,-------[ 2021-10-24 04:30:00 ]
8,13618,ld2,1470,750,5.982571941167,0.000206145131957,0,none,none,none,-------[ 2021-10-24 04:30:00 ]
8,13619,ld2,1470,750,5.98335162894737,0.000259117967155,0,none,none,none,-------[ 2021-10-24 04:30:00 ]
8,13620,ld2,1470,750,5.98286335012442,0.000395357487997,0,none,none,none,-------[ 2021-10-24 04:30:00 ]
9,13660,ld2,1470,750,4.02679528643333,0.000133239611553,0,none,none,none,-------[ 2021-10-24 04:30:00 ]
9,13661,ld2,1470,750,4.02684096868421,8.88633013165119E-05,0,none,none,none,-------[ 2021-10-24 04:30:00 ]
9,13662,ld2,1470,750,4.02680697138333,0.000124323078891,0,none,none,none,-------[ 2021-10-24 04:30:00 ]
9,13664,ld2,1470,750,4.02686486405213,8.36064930700458E-05,0,none,none,none,-------[ 2021-10-24 04:30:00 ]
9,13665,ld2,1470,750,4.02677973289474,0.000154204279164,0,none,none,none,-------[ 2021-10-24 04:30:00 ]
9,13666,ld2,1470,750,4.02676641393258,0.000170753372176,0,none,none,none,-------[ 2021-10-24 04:30:00 ]
9,13677,ld2,1470,750,4.02677702911833,8.3342764310768E-05,0,none,none,none,-------[ 2021-10-24 04:30:00 ]
9,13678,ld2,1470,750,4.0266811675814,0.000112102882615,0,none,none,none,-------[ 2021-10-24 04:30:00 ]
9,13679,ld2,1470,750,4.02676577196429,7.69328941852886E-05,0,none,none,none,-------[ 2021-10-24 04:30:00 ]
9,13680,ld2,1470,750,4.02677246646778,6.15787185392816E-05,0,none,none,none,-------[ 2021-10-24 04:30:00 ]
9,13681,ld2,1470,750,4.02678380467909,5.61970729407209E-05,0,none,none,none,-------[ 2021-10-24 04:30:00 ]
9,13682,ld2,1470,750,4.02672487583333,9.52548298098405E-05,0,none,none,none,-------[ 2021-10-24 04:30:00 ]
9,13684,ld2,1470,750,4.02673883898113,6.06148024187811E-05,0,none,none,none,-------[ 2021-10-24 04:30:00 ]
9,13685,ld2,1470,750,4.02672267142056,6.73407152760197E-05,0,none,none,none,-------[ 2021-10-24 04:30:00 ]
9,13686,ld2,1470,750,4.02670410730734,9.60190799729318E-05,0,none,none,none,-------[ 2021-10-24 04:30:00 ]
9,13687,ld2,1470,750,4.0267588441,7.82719169187747E-05,0,none,none,none,-------[ 2021-10-24 04:30:00 ]
9,13688,ld2,1470,750,4.02673771308046,5.42671186116022E-05,0,none,none,none,-------[ 2021-10-24 04:30:00 ]
9,13689,ld2,1470,750,4.02674919215385,3.03564477035796E-05,0,none,none,none,-------[ 2021-10-24 04:30:00 ]
9,13694,ld2,1470,750,4.02671144033058,6.58771564770526E-05,0,none,none,none,-------[ 2021-10-24 04:30:00 ]
9,13695,ld2,1470,750,4.02673524016667,4.70302538874987E-05,0,none,none,none,-------[ 2021-10-24 04:30:00 ]
9,13698,ld2,1470,750,4.026634478,9.63758745835784E-05,0,none,none,none,-------[ 2021-10-24 04:30:00 ]
9,13699,ld2,1470,750,4.02663416306757,9.59194428070069E-05,0,none,none,none,-------[ 2021-10-24 04:30:00 ]
9,13700,ld2,1470,750,4.0266116141791,0.000108120822073,0,none,none,none,-------[ 2021-10-24 04:30:00 ]
9,13710,ld2,1470,750,4.02683816513513,6.29439848072329E-05,0,none,none,none,-------[ 2021-10-24 04:30:00 ]
9,13711,ld2,1470,750,4.02685459716667,6.34485041719155E-05,0,none,none,none,-------[ 2021-10-24 04:30:00 ]
9,13712,ld2,1470,750,4.02685559896403,9.06206417482847E-05,0,none,none,none,-------[ 2021-10-24 04:30:00 ]
9,13714,ld2,1470,750,4.02690869065574,7.72570989831996E-05,0,none,none,none,-------[ 2021-10-24 04:30:00 ]
9,13715,ld2,1470,750,4.02694398527316,8.77015948517178E-05,0,none,none,none,-------[ 2021-10-24 04:30:00 ]
9,13716,ld2,1470,750,4.02696397266212,0.00012891929041,0,none,none,none,-------[ 2021-10-24 04:30:00 ]
9,13717,ld2,1470,750,4.02696691236052,0.000149564393775,0,none,none,none,-------[ 2021-10-24 04:30:00 ]
9,13721,ld2,1470,750,4.02692947869141,0.000105011814611,0,none,none,none,-------[ 2021-10-24 04:30:00 ]
9,13723,ld2,1470,750,4.02699535646535,0.000140735762778,0,none,none,none,-------[ 2021-10-24 04:30:00 ]
9,13724,ld2,1470,750,4.02707743988571,0.00020774646141,0,none,none,none,-------[ 2021-10-24 04:30:00 ]
9,13727,ld2,1470,750,4.02701930419806,0.000178517353114,0,none,none,none,-------[ 2021-10-24 04:30:00 ]
9,13728,ld2,1470,750,4.02701074638372,0.000119421650674,0,none,none,none,-------[ 2021-10-24 04:30:00 ]
9,13729,ld2,1470,750,4.02697779997096,0.00020136173033,0,none,none,none,-------[ 2021-10-24 04:30:00 ]
9,13731,ld2,1470,750,4.02700756751264,0.000190461503292,0,none,none,none,-------[ 2021-10-24 04:30:00 ]
9,13732,ld2,1470,750,4.02692376100156,0.000226112836381,0,none,none,none,-------[ 2021-10-24 04:30:00 ]
9,13734,ld2,1470,750,4.02700425521691,0.000131669268948,0,none,none,none,-------[ 2021-10-24 04:30:00 ]
9,13736,ld2,1470,750,4.02700158940063,0.000127279595692,0,none,none,none,-------[ 2021-10-24 04:30:00 ]
9,13737,ld2,1470,750,4.02683695744928,0.000367477561679,0,none,none,none,-------[ 2021-10-24 04:30:00 ]
9,13746,ld2,1470,750,4.02643745574944,0.000718598753781,0,none,none,none,-------[ 2021-10-24 04:30:00 ]
9,13748,ld2,1470,750,4.02670321457879,0.000568860149322,0,none,none,none,-------[ 2021-10-24 04:30:00 ]
9,13749,ld2,1470,750,4.02674539906626,0.000504612028414,0,none,none,none,-------[ 2021-10-24 04:30:00 ]
9,13753,ld2,1470,750,4.0264158746086,0.000740032050981,0,none,none,none,-------[ 2021-10-24 04:30:00 ]
9,13754,ld2,1470,750,4.02565078034654,0.000597219582051,0,none,none,none,-------[ 2021-10-24 04:30:00 ]
9,13755,ld2,1470,750,4.026708502,0.000625302124365,0,none,none,none,-------[ 2021-10-24 04:30:00 ]
9,13756,ld2,1470,750,4.02651166565217,0.000706460918509,0,none,none,none,-------[ 2021-10-24 04:30:00 ]
9,13757,ld2,1470,750,4.02699108875,4.78750857781613E-05,0,none,none,none,-------[ 2021-10-24 04:30:00 ]
9,13758,ld2,1470,750,4.02700153666667,3.44680826821108E-05,0,none,none,none,-------[ 2021-10-24 04:30:00 ]
9,13760,ld2,1470,750,4.026980808,1.72895456439527E-05,0,none,none,none,-------[ 2021-10-24 04:30:00 ]
9,13761,ld2,1470,750,4.02702360266667,2.78235130440369E-05,0,none,none,none,-------[ 2021-10-24 04:30:00 ]
9,13764,ld2,1470,750,4.02675900287449,0.00057132838942,0,none,none,none,-------[ 2021-10-24 04:30:00 ]
9,13765,ld2,1470,750,4.026865345,0.000448375375404,0,none,none,none,-------[ 2021-10-24 04:30:00 ]
9,13766,ld2,1470,750,4.02694396186147,0.000306427554709,0,none,none,none,-------[ 2021-10-24 04:30:00 ]
9,13767,ld2,1470,750,4.02682221737209,0.000533405846195,0,none,none,none,-------[ 2021-10-24 04:30:00 ]
9,13770,ld2,1470,750,4.02683335456612,0.000491992907349,0,none,none,none,-------[ 2021-10-24 04:30:00 ]
9,13771,ld2,1470,750,4.02696531211009,0.00022567225458,0,none,none,none,-------[ 2021-10-24 04:30:00 ]
9,13773,ld2,1470,750,4.0265566135473,0.000730366348924,0,none,none,none,-------[ 2021-10-24 04:30:00 ]
9,13775,ld2,1470,750,4.02605633568238,0.000819384873752,0,none,none,none,-------[ 2021-10-24 04:30:00 ]
9,13776,ld2,1470,750,4.02689743493294,0.000466585224936,0,none,none,none,-------[ 2021-10-24 04:30:00 ]
9,13777,ld2,1470,750,4.02679443535934,0.000553193210757,0,none,none,none,-------[ 2021-10-24 04:30:00 ]
9,13778,ld2,1470,750,4.02680127706653,0.000537731546149,0,none,none,none,-------[ 2021-10-24 04:30:00 ]
9,13779,ld2,1470,750,4.02679502074795,0.000534558417822,0,none,none,none,-------[ 2021-10-24 04:30:00 ]
9,13793,ld2,1470,750,4.02657953263006,0.000702876125698,0,none,none,none,-------[ 2021-10-24 04:30:00 ]
9,13797,ld2,1470,750,4.02694580796512,0.000260784008781,0,none,none,none,-------[ 2021-10-24 04:30:00 ]
9,13798,ld2,1470,750,4.02695758256881,0.000282505384027,0,none,none,none,-------[ 2021-10-24 04:30:00 ]
9,13799,ld2,1470,750,4.02662034370297,0.000677046094075,0,none,none,none,-------[ 2021-10-24 04:30:00 ]
